LifeExpectancy,Status,GDP,Polio,Diphtheria,IncomeComposition
65,Developing,584.25921,6,65,0.479
59.9,Developing,612.696514,58,62,0.476
59.9,Developing,631.744976,62,64,0.47
59.5,Developing,669.959,67,67,0.463
59.2,Developing,63.537231,68,68,0.454
58.8,Developing,553.32894,66,66,0.448
58.6,Developing,445.8932979,63,63,0.434
58.1,Developing,373.3611163,64,64,0.433
57.5,Developing,369.835796,63,63,0.415
57.3,Developing,272.56377,58,58,0.405
57.3,Developing,25.2941299,58,58,0.396
57,Developing,219.1413528,5,5,0.381
56.7,Developing,198.7285436,41,41,0.373
56.2,Developing,187.84595,36,36,0.341
55.3,Developing,117.49698,35,33,0.34
54.8,Developing,114.56,24,24,0.338
77.8,Developing,3954.22783,99,99,0.762
77.5,Developing,4575.763787,98,98,0.761
77.2,Developing,4414.72314,99,99,0.759
76.9,Developing,4247.61438,99,99,0.752
76.6,Developing,4437.17868,99,99,0.738
76.2,Developing,494.358832,99,99,0.725
76.1,Developing,4114.136545,98,98,0.721
75.3,Developing,437.539647,99,99,0.713
75.9,Developing,363.13685,99,98,0.703
74.2,Developing,35.1293,97,97,0.696
73.5,Developing,279.142931,97,98,0.685
73,Developing,2416.588235,98,97,0.681
72.8,Developing,189.681557,97,97,0.674
73.3,Developing,1453.642777,98,98,0.67
73.6,Developing,1326.97339,97,97,0.662
72.6,Developing,1175.788981,97,97,0.656
75.6,Developing,4132.76292,95,95,0.743
75.4,Developing,547.8517,95,95,0.741
75.3,Developing,5471.866766,95,95,0.737
75.1,Developing,5564.82566,95,95,0.732
74.9,Developing,5432.2523,95,95,0.724
74.7,Developing,4463.394675,95,95,0.714
74.4,Developing,3868.83123,94,95,0.705
74.1,Developing,495.254866,92,93,0.697
73.8,Developing,3935.183343,95,95,0.69
73.4,Developing,3464.6179,95,95,0.686
72.9,Developing,31.122378,88,88,0.68
72.3,Developing,2598.9823,86,86,0.673
71.7,Developing,294.33556,87,87,0.663
71.6,Developing,1774.33673,86,86,0.653
71.4,Developing,1732.857979,89,89,0.644
71.3,Developing,1757.17797,86,86,0.636
52.4,Developing,3695.793748,7,64,0.531
51.7,Developing,479.31224,68,64,0.527
51.1,Developing,484.616884,67,77,0.523
56,Developing,4598.249988,75,75,0.508
51,Developing,4299.12889,73,71,0.495
49.6,Developing,3529.53482,81,77,0.488
49.1,Developing,3347.84485,63,6,0.48
48.7,Developing,3868.578883,65,69,0.468
48.2,Developing,2878.837144,75,73,0.454
47.7,Developing,262.415149,36,34,0.439
47.4,Developing,1443.991929,39,38,0.426
47.1,Developing,141.86844,4,4,0.415
46.8,Developing,779.468356,4,4,0.406
46.5,Developing,711.181716,37,41,0.401
45.7,Developing,526.168743,41,38,0.391
45.3,Developing,555.2969419,3,28,0.382
76.4,Developing,13566.9541,86,99,0.784
76.2,Developing,12888.29667,96,99,0.782
76.1,Developing,12224.86416,98,99,0.781
75.9,Developing,12565.44197,97,98,0.778
75.7,Developing,11929.34991,99,99,0.782
75.6,Developing,12126.87614,99,98,0.783
75.4,Developing,1312.46692,98,99,0.788
75.2,Developing,1473.31923,99,99,0.786
75,Developing,14252.29452,98,99,0.781
74.8,Developing,12724.39377,99,99,0.773
74.6,Developing,11371.93895,98,99,0
74.4,Developing,1352.8374,97,97,0
74.2,Developing,9739.82556,99,99,0
74,Developing,9386.716452,93,98,0
73.8,Developing,9358.154162,99,97,0
73.6,Developing,9875.161736,96,95,0
76.3,Developing,13467.1236,93,94,0.826
76.2,Developing,12245.25645,92,94,0.825
76,Developing,12976.63642,99,94,0.823
75.9,Developing,12969.7712,99,91,0.822
75.7,Developing,12726.9836,93,91,0.816
75.5,Developing,1276.265,95,94,0.802
75.6,Developing,8161.36966,97,94,0.794
75.4,Developing,8953.359275,94,93,0.792
74.8,Developing,7193.61764,92,91,0.788
75.2,Developing,5878.76127,92,91,0.782
74.9,Developing,576.883829,95,98,0.78
74.7,Developing,4251.574348,91,98,0.775
74.1,Developing,333.4376,95,96,0.77
74.1,Developing,2579.193168,94,93,0.776
74,Developing,717.694674,85,83,0.771
74.1,Developing,7669.273916,88,83,0.764
74.8,Developing,369.654776,96,94,0.741
74.6,Developing,3994.712355,95,93,0.739
74.4,Developing,3843.591213,96,95,0.736
74.4,Developing,3684.8481,96,95,0.732
73.9,Developing,3526.978143,96,95,0.729
73.5,Developing,3218.381655,96,94,0.72
73.3,Developing,2993.832531,94,93,0.725
73.2,Developing,41.26997,91,89,0.721
73.5,Developing,3138.8873,9,88,0.707
72.9,Developing,2158.299,87,87,0.692
73,Developing,1643.758397,92,9,0.679
73,Developing,1191.96192,93,91,0.668
72.7,Developing,93.1661567,96,94,0.657
72.6,Developing,783.261699,96,94,0.645
72.6,Developing,694.435119,97,94,0.644
72,Developing,622.7427477,96,93,0.639
82.8,Developed,56554.3876,93,93,0.937
82.7,Developed,62214.6912,92,92,0.936
82.5,Developed,67792.3386,91,91,0.933
82.3,Developed,67677.63477,92,92,0.93
82,Developed,62245.129,92,92,0.927
81.9,Developed,51874.848,92,92,0.927
81.7,Developed,42742.99898,92,92,0.925
81.3,Developed,49664.6854,92,92,0.921
81.3,Developed,4991.98289,92,92,0.918
81.2,Developed,36118.28381,92,92,0.915
81,Developed,3416.71483,92,92,0.91
86,Developed,3472.37977,92,92,0.908
83,Developed,23465.38559,92,93,0.905
79.9,Developed,281.81763,92,92,0.902
79.9,Developed,19517.84168,91,92,0.899
79.5,Developed,2169.921,9,9,0.897
81.5,Developed,43665.947,93,93,0.892
81.4,Developed,51322.63997,98,98,0.892
81.1,Developed,554.71532,95,95,0.887
88,Developed,48333.57273,92,92,0.884
88,Developed,51126.74139,89,89,0.88
84,Developed,46657.629,86,86,0.872
82,Developed,47654.18721,83,83,0.87
84,Developed,51386.37665,83,83,0.864
81,Developed,46586.6525,85,85,0.86
79.8,Developed,443.99361,83,83,0.854
79.4,Developed,38242.4252,86,86,0.848
79.3,Developed,36693.4262,83,83,0.841
78.8,Developed,3212.9355,84,84,0.837
78.7,Developed,26351.37568,82,83,0.847
78.6,Developed,24489.73553,83,84,0.837
78.1,Developed,24517.26745,71,81,0.833
72.7,Developing,55.31382,98,96,0.758
72.5,Developing,7891.299776,97,94,0.752
72.2,Developing,7875.756953,96,93,0.745
71.9,Developing,7496.335728,92,89,0.742
71.6,Developing,7189.691229,91,87,0.741
71.1,Developing,5842.85784,85,81,0.737
78,Developing,495.294791,84,81,0.728
73,Developing,5574.6382,85,81,0.719
73,Developing,3851.437869,81,79,0.708
69.2,Developing,2473.85776,8,78,0.682
68.4,Developing,1578.4239,79,75,0.675
68.4,Developing,145.2163,78,77,0.668
67.8,Developing,883.6439965,79,77,0.659
67.8,Developing,763.73858,8,76,0.651
67.5,Developing,73.6838434,77,77,0.642
66.6,Developing,655.974326,75,76,0.636
76.9,Developing,22688.87824,98,98,0.823
76.8,Developing,24983.3792,98,98,0.82
76.7,Developing,251.18329,99,99,0.815
76.5,Developing,23649.36661,99,99,0.812
76.1,Developing,2281.1242,99,99,0.812
76.1,Developing,2722.1389,99,99,0.81
76,Developing,19356.67236,97,98,0.814
75.8,Developing,2367.56535,97,97,0.815
75.6,Developing,2977.1153,97,97,0.813
75.5,Developing,1937.99549,98,98,0.81
75.3,Developing,17959.17854,98,98,0.806
75.2,Developing,15846.47641,98,98,0.803
75,Developing,14221.99259,97,97,0.798
74.9,Developing,1312.33457,98,98,0.796
74.7,Developing,12868.211,99,99,0.794
74.5,Developing,13636.34668,97,97,0.786
71.8,Developing,121.15812,97,97,0.575
71.4,Developing,184.56543,97,97,0.57
71,Developing,951.8894535,96,96,0.565
77,Developing,856.342857,94,94,0.557
73,Developing,835.789341,96,96,0.545
69.9,Developing,757.6717572,94,94,0.535
69.5,Developing,681.125368,97,97,0.523
69.1,Developing,615.7775411,96,96,0.52
68.6,Developing,541.651484,96,94,0.513
68.2,Developing,494.51466,95,94,0.506
67.8,Developing,484.155471,94,93,0.499
67.3,Developing,46.7579167,88,99,0.491
66.8,Developing,432.7388972,9,87,0.484
66.3,Developing,4.6135745,83,83,0.476
65.8,Developing,42.5981152,85,85,0.468
65.3,Developing,45.63371,83,82,0.459
75.5,Developing,15557.8381,97,97,0.794
75.4,Developing,15359.66971,95,94,0.793
75.2,Developing,15472.7814,91,91,0.792
75.1,Developing,15384.8749,88,87,0.785
74.9,Developing,15534.1574,91,91,0.78
74.7,Developing,1595.91232,9,86,0.781
74.6,Developing,16523.32388,93,93,0.779
74.4,Developing,1657.3228,85,85,0.775
74.2,Developing,16462.48556,93,93,0.771
74.1,Developing,15646.5591,85,84,0.766
73.9,Developing,14223.86576,91,92,0.761
73.8,Developing,12868.8639,93,93,0.757
73.7,Developing,1228.5447,9,89,0.753
73.5,Developing,11675.39395,86,87,0.749
73.4,Developing,11513.87189,93,84,0.75
73.3,Developing,11568.1111,86,93,0.741
72.3,Developing,5949.11677,99,99,0.798
72,Developing,8318.429294,97,97,0.796
71.7,Developing,7978.825443,98,98,0.796
71.9,Developing,694.243915,98,98,0.793
72,Developing,6519.71753,98,98,0.787
73,Developing,63.38877,99,98,0.78
70,Developing,5176.172649,98,96,0.771
70,Developing,6376.183153,98,97,0.755
69.8,Developing,4735.484827,9,95,0.739
68.9,Developing,3848.215966,97,99,0.723
68.1,Developing,3126.71767,98,99,0.713
68.2,Developing,2378.33927,99,99,0.703
67.7,Developing,1819.525644,53,5,0.695
67.2,Developing,1479.383142,99,99,0.687
67.7,Developing,1244.373185,99,99,0.681
68,Developing,1276.28834,99,99,0.675
81.1,Developed,4356.875,99,99,0.895
89,Developed,47439.39684,99,99,0.89
87,Developed,4651.38647,99,99,0.889
83,Developed,4474.5717,99,99,0.886
83,Developed,4772.77415,98,98,0.884
80,Developed,4438.23741,98,98,0.878
79.8,Developed,4488.5615,98,98,0.876
79.5,Developed,48424.58927,99,99,0.874
79.5,Developed,4443.83131,99,98,0.871
79.4,Developed,38852.3613,99,98,0.865
78.9,Developed,36967.28292,97,97,0.861
78.8,Developed,35589.71295,96,95,0.88
78.3,Developed,3743.95693,96,95,0.878
78,Developed,2552.3328,96,95,0.875
78,Developed,23121.56635,96,95,0.873
77.6,Developed,2327.4591,96,95,0.869
71,Developing,4849.997495,94,94,0.706
70,Developing,4852.223666,95,95,0.705
69.8,Developing,4688.538443,95,95,0.706
69.4,Developing,4673.63848,98,98,0.702
69.4,Developing,4516.24675,95,95,0.7
69.5,Developing,4344.15177,96,96,0.7
69.5,Developing,4258.788611,98,97,0.7
69.6,Developing,447.22796,94,94,0.699
69.6,Developing,4324.876427,97,96,0.7
69.4,Developing,4187.3783,98,98,0.692
69,Developing,3933.332215,96,96,0.695
68.7,Developing,3831.53819,97,97,0.691
68.4,Developing,3679.99523,95,96,0.684
68.5,Developing,3556.561825,93,89,0.678
68.2,Developing,3419.275719,96,96,0.677
68.3,Developing,3364.423711,91,91,0.668
60,Developing,783.94791,78,82,0.481
59.7,Developing,943.686575,74,78,0.475
59.5,Developing,915.2674586,73,77,0.466
59.3,Developing,837.9551,8,8,0.458
59.1,Developing,825.9427854,77,75,0.454
58.7,Developing,757.695974,77,76,0.451
58.4,Developing,793.45243,8,79,0.448
57.6,Developing,82.1513498,77,75,0.444
57.1,Developing,76.535419,82,82,0.438
56.8,Developing,625.8392,76,74,0.434
56.5,Developing,61.799977,73,7,0.43
56.1,Developing,583.493514,74,72,0.423
55.8,Developing,519.2922847,75,73,0.416
55.6,Developing,418.6985763,76,75,0.407
55.5,Developing,378.73654,77,76,0.395
55.4,Developing,374.1923942,78,78,0.389
69.8,Developing,2613.645177,98,99,0.604
69.4,Developing,2522.7968,98,99,0.596
69.1,Developing,235.882889,97,97,0.589
68.7,Developing,2422.816,97,97,0.581
68.3,Developing,2458.45976,95,95,0.572
67.9,Developing,2178.921383,92,91,0
67.4,Developing,177.234497,93,93,0
67,Developing,1795.18137,96,96,0
66.5,Developing,1741.142552,93,95,0
65.8,Developing,1335.45696,96,95,0
65,Developing,1247.61392,95,95,0
64.2,Developing,197.45788,9,89,0
63.3,Developing,997.7417141,96,95,0
62.5,Developing,885.6382245,89,86,0
61.7,Developing,87.9387673,88,88,0
62,Developing,765.8632358,98,92,0
77.4,Developing,4574.9787,74,82,0.747
77.2,Developing,5193.94932,86,86,0.742
77,Developing,535.86555,87,89,0.735
76.8,Developing,4716.673325,87,92,0.728
76.9,Developing,55.156834,89,88,0.711
76.4,Developing,4611.47298,9,89,0.717
76.1,Developing,4697.89732,9,9,0.716
76,Developing,575.31664,92,91,0.71
75.4,Developing,418.292176,95,95,0.703
75.7,Developing,344.321698,91,87,0.697
75,Developing,2968.41186,95,93,0
75.5,Developing,265.642661,87,84,0
75.2,Developing,2214.732246,87,87,0
75.4,Developing,1761.537647,86,8,0
74.9,Developing,1524.41222,92,91,0
74.6,Developing,1461.7552,87,85,0
65.7,Developing,6532.651,96,95,0.698
65.1,Developing,7497.762376,96,95,0.697
64.2,Developing,77.625783,96,95,0.693
63.4,Developing,729.231453,96,95,0.687
62.2,Developing,7645.21469,96,95,0.678
61.1,Developing,6346.15624,96,95,0.669
59.2,Developing,5185.729845,96,96,0.661
57.5,Developing,5623.379566,96,96,0.646
56.9,Developing,5714.47937,96,96,0.63
54.8,Developing,5374.554867,96,96,0.61
51.7,Developing,5351.253732,96,96,0.593
48.1,Developing,4896.583835,96,96,0.58
46.4,Developing,4163.6596,96,96,0.567
46,Developing,355.618382,97,97,0.558
46.7,Developing,3128.97793,97,97,0.56
47.8,Developing,3349.68823,97,97,0.559
75,Developing,8757.2622,98,96,0.754
74.8,Developing,1226.61731,96,93,0.747
74.7,Developing,12216.9446,96,97,0.734
74.5,Developing,12291.46685,96,95,0.73
74.1,Developing,13167.47289,98,99,0.724
73.8,Developing,11224.1548,99,99,0.716
73.6,Developing,8553.3847,99,99,0.714
73.4,Developing,8787.61375,99,99,0.704
73.3,Developing,7313.557962,99,99,0.7
73,Developing,586.145975,99,99,0.698
72.7,Developing,477.182746,99,99,0.694
72,Developing,3623.47667,99,99,0.695
71.8,Developing,359.587582,99,99,0.699
71.4,Developing,2819.649531,99,99,0.692
71,Developing,3146.95177,99,98,0.685
75,Developing,3739.11936,99,98,0.677
77.7,Developing,3967.8951,99,99,0.864
77.6,Developing,4159.8652,99,99,0.863
77.1,Developing,44597.27968,99,99,0.86
78.3,Developing,47651.2599,99,99,0.852
77.4,Developing,4717.273,99,97,0.846
76.9,Developing,35268.1117,99,95,0.845
76.8,Developing,27965.4754,99,99,0.841
77.2,Developing,37951.286,97,98,0.84
76,Developing,32672.36717,95,99,0.84
76.3,Developing,398.96692,94,97,0.837
76.2,Developing,2612.13345,93,94,0.834
76.4,Developing,21896.6527,92,92,0.828
76,Developing,18555.56649,99,92,0.823
74.8,Developing,16846.2198,99,94,0.82
74.7,Developing,16468.12886,99,97,0.819
74.4,Developing,188.44826,99,99,0.818
74.5,Developed,6993.47736,91,91,0.792
74.3,Developed,7853.335191,88,88,0.787
74.1,Developed,7674.86559,95,95,0.781
73.9,Developed,7378.25539,95,95,0.778
73.7,Developed,7813.83499,95,95,0.775
73.4,Developed,6843.263289,94,94,0.77
73.2,Developed,6955.987733,94,94,0.768
72.9,Developed,7296.122479,96,95,0.761
72.6,Developed,5932.899677,95,95,0.755
72.2,Developed,4513.13628,96,95,0.75
72.1,Developed,3893.68998,97,96,0.745
72.2,Developed,3381.57837,94,95,0.738
72,Developed,271.46824,96,96,0.729
71.8,Developed,287.534843,94,93,0.723
71.6,Developed,1764.97387,94,94,0.713
71.1,Developed,169.28586,94,93,0.709
59.9,Developing,615.592225,91,91,0.399
59.3,Developing,75.1464113,91,91,0.398
59,Developing,699.452847,89,88,0.392
58.6,Developing,673.8227,9,9,0.384
58.1,Developing,666.842783,9,91,0.377
57.5,Developing,575.4464527,9,91,0.365
56.9,Developing,552.7455521,91,92,0.356
56.1,Developing,569.7612784,92,93,0.345
55.3,Developing,475.11122,93,89,0.334
54.3,Developing,422.6332374,94,86,0.325
53.3,Developing,46.998871,94,82,0
52.4,Developing,371.323865,83,79,0
51.6,Developing,332.344351,83,79,0
51,Developing,26.7635413,69,69,0
56,Developing,235.4912324,62,62,0
51,Developing,226.4759814,45,45,0
59.6,Developing,33.681223,94,94,0.406
59.1,Developing,312.7489794,95,95,0.404
58.6,Developing,282.7555252,96,96,0.398
58,Developing,265.285651,96,96,0.393
57.4,Developing,26.479973,95,96,0.385
56.8,Developing,231.1943256,94,96,0.361
56.2,Developing,24.944652,96,94,0.336
55.3,Developing,196.2472628,89,92,0.319
54.8,Developing,17.79995,93,99,0.309
54.1,Developing,165.8794176,88,92,0.29
53.4,Developing,15.57434,82,87,0.286
52.6,Developing,127.4296648,76,83,0.279
51.9,Developing,112.849373,75,82,0.276
51.5,Developing,122.4335893,74,81,0.268
51.3,Developing,133.7427689,72,81,0.268
58,Developing,135.9984455,71,8,0.268
73.3,Developing,2954.119467,93,93,0.646
73,Developing,3529.61843,95,95,0.643
72.8,Developing,3558.796314,93,93,0.643
72.7,Developing,348.482762,94,94,0.636
72.6,Developing,367.429453,9,9,0.632
72.5,Developing,3312.825985,99,99,0.627
72.4,Developing,3444.5566,99,99,0.621
72.4,Developing,3638.95946,99,99,0.615
72.3,Developing,3112.285712,98,98,0.602
72.1,Developing,234.28992,97,96,0.596
71.8,Developing,248.13459,95,95,0.582
71.4,Developing,1976.45856,94,93,0.574
71.1,Developing,1768.92132,93,92,0.572
77,Developing,1373.515636,92,91,0.569
73,Developing,1268.884564,91,9,0.562
69.9,Developing,1239.377855,9,9,0
68.7,Developing,1163.18977,87,89,0.558
68.3,Developing,198.687123,87,88,0.553
67.8,Developing,128.419568,66,83,0.546
67.4,Developing,95.244132,84,86,0.54
67,Developing,882.491462,87,88,0.533
66.6,Developing,785.6928841,88,89,0.519
66.1,Developing,738.2326684,95,94,0.52
65.6,Developing,745.7877873,91,91,0.511
65,Developing,631.675789,82,82,0.495
64.1,Developing,539.8791529,8,8,0.483
62.9,Developing,474.2238766,82,82,0.47
61.5,Developing,48.615184,86,85,0.458
63,Developing,362.4213785,69,69,0.445
59.3,Developing,339.676984,54,54,0.427
58.5,Developing,321.22634,59,6,0.412
57.7,Developing,3.685949,62,59,0.401
57.3,Developing,1244.429421,83,84,0.514
56.7,Developing,1441.1417,86,87,0.507
56.4,Developing,1365.34419,88,89,0.501
55.9,Developing,1255.648189,85,85,0.496
55.6,Developing,1295.649726,8,82,0.486
55.3,Developing,1182.869227,83,84,0.48
54.8,Developing,123.19538,79,8,0.473
54.2,Developing,1233.524316,82,84,0.466
53.6,Developing,111.71186,81,82,0.456
53.3,Developing,12.989164,78,81,0.456
52.8,Developing,952.1872484,79,8,0.456
52.1,Developing,93.211716,72,73,0.455
51.8,Developing,824.8689393,72,73,0.452
51.6,Developing,676.397661,66,66,0.452
51.5,Developing,614.6729339,61,63,0.437
51.4,Developing,68.414399,57,62,0.433
82.2,Developing,43315.744,91,91,0.919
82,Developing,544.43376,91,91,0.912
81.8,Developing,52413.72116,91,91,0.909
81.6,Developing,52496.69487,99,95,0.907
81.5,Developing,5282.2176,87,87,0.903
81.2,Developing,47447.4762,88,89,0.898
81,Developing,4773.45436,89,91,0.898
87,Developing,46596.33599,89,92,0.897
85,Developing,44544.5268,9,94,0.894
85,Developing,4386.69948,95,95,0.891
81,Developing,36189.58838,93,93,0.886
80,Developing,31979.87195,91,91,0.881
79.7,Developing,28172.14883,88,91,0.877
79.5,Developing,24167.8431,88,88,0.872
79.4,Developing,23691.59472,88,89,0.867
79.1,Developing,24124.16917,88,89,0.864
52.5,Developing,348.381417,47,47,0.347
58,Developing,377.132274,47,47,0.345
49.9,Developing,337.4849614,23,23,0.37
53,Developing,486.41114,47,47,0.366
49.8,Developing,494.336779,47,47,0.361
49.2,Developing,446.4434494,46,45,0.352
48.6,Developing,449.961839,45,42,0.345
47.6,Developing,456.8614334,46,45,0.338
46.8,Developing,397.148467,46,48,0.33
46.3,Developing,347.673678,47,51,0.323
45.9,Developing,327.1149461,47,54,0.319
45.7,Developing,313.21598,45,51,0.315
45.7,Developing,286.25819,44,47,0.316
45.6,Developing,253.768343,42,44,0.315
45.6,Developing,243.1586486,4,4,0.314
46,Developing,243.5429317,38,37,0.312
53.1,Developing,777.248751,52,46,0.394
52.6,Developing,125.998515,44,37,0.39
52.2,Developing,986.13177,46,39,0.387
51.8,Developing,973.472574,51,4,0.381
51.6,Developing,989.2363633,4,33,0.37
51.2,Developing,896.5697341,43,39,0.36
57,Developing,84.455939,32,24,0.343
49.6,Developing,929.772391,3,19,0.338
49.4,Developing,81.683884,38,28,0.306
48.5,Developing,712.1847694,49,4,0.303
48.6,Developing,66.2421396,37,25,0.306
48.5,Developing,454.6765879,31,21,0.301
48.4,Developing,292.5914364,36,23,0.284
48.1,Developing,22.854821,31,25,0.303
48,Developing,197.3156442,26,26,0.3
47.6,Developing,166.231785,3,36,0
85,Developing,13653.2264,96,96,0.845
83,Developing,14817.37778,95,95,0.841
81,Developing,15941.39722,9,91,0.831
79.9,Developing,15431.9293,9,9,0.826
79.8,Developing,1475.69242,93,94,0.82
79.1,Developing,1286.17764,92,92,0.815
79.3,Developing,1243.32824,94,94,0.816
79.6,Developing,1781.3668,95,95,0.804
78.9,Developing,1526.87746,95,96,0.797
78.9,Developing,9484.681227,94,94,0.796
78.4,Developing,7615.3468,92,91,0.79
78,Developing,621.828325,94,93,0.781
77.9,Developing,4787.699532,96,96,0.775
77.8,Developing,4463.545867,97,97,0.768
77.3,Developing,4595.666327,96,97,0.761
77.3,Developing,511.368479,91,91,0.755
76.1,Developing,869.211938,99,99,0.734
75.8,Developing,7683.5238,99,99,0.723
75.6,Developing,777.77594,99,99,0.713
75.4,Developing,6337.882993,99,99,0.703
75.2,Developing,5633.79616,99,99,0.7
75,Developing,456.512487,99,99,0.691
74.9,Developing,3838.434292,99,99,0.682
74.5,Developing,3471.247547,99,97,0.672
74.4,Developing,2695.366223,94,93,0.659
74.2,Developing,299.229676,94,93,0.646
73.9,Developing,1753.4178,87,87,0.634
73.5,Developing,158.668462,87,87,0.622
73.1,Developing,1288.642924,87,86,0.61
72.7,Developing,1148.5857,86,86,0.6
72.2,Developing,153.1824,86,86,0.592
71.7,Developing,959.372181,86,85,0.583
74.8,Developing,644.525556,91,91,0.724
74.6,Developing,7913.383432,9,9,0.72
74.4,Developing,83.5863,91,91,0.712
74.3,Developing,7884.984429,91,91,0.707
74.2,Developing,7227.73968,85,85,0.7
73.6,Developing,625.65544,88,88,0.695
73.6,Developing,5148.422113,92,92,0.691
73.5,Developing,5433.7245,92,92,0.683
73.5,Developing,4674.21961,93,93,0.675
73.1,Developing,379.78776,94,93,0.669
73.1,Developing,3386.256,93,93,0.658
72.8,Developing,274.249442,89,89,0.658
72.4,Developing,2246.257472,92,92,0.659
71.8,Developing,2355.725857,83,81,0.656
71.5,Developing,2395.856551,83,8,0.653
71.4,Developing,2472.197831,82,79,0.65
63.5,Developing,727.6463868,92,91,0.498
63.2,Developing,852.954379,87,87,0.497
62.9,Developing,834.341949,85,87,0.49
62.5,Developing,788.632653,85,86,0.484
62.2,Developing,829.7586885,85,83,0.479
61.8,Developing,769.1742883,82,74,0.476
61.3,Developing,778.5454199,84,83,0.465
61,Developing,795.97519,81,81,0.461
66,Developing,72.759313,75,75,0.459
63,Developing,648.38717,69,69,0.451
60,Developing,621.93372,67,68,0.434
59.8,Developing,616.4197236,73,76,0
59.6,Developing,544.566526,8,8,0
59.5,Developing,433.2691451,98,89,0
59.5,Developing,395.9319363,7,7,0
59.5,Developing,375.8528566,7,7,0
79.6,Developing,1146.36273,92,92,0.775
79.5,Developing,1647.44179,91,91,0.768
79.4,Developing,1569.66631,95,95,0.762
79.2,Developing,9985.36959,9,91,0.758
79,Developing,9186.59639,82,85,0.752
78.1,Developing,8199.414621,93,88,0.749
79.2,Developing,689.396224,8,86,0.747
78.9,Developing,6911.136136,89,9,0.74
78.9,Developing,612.623418,89,89,0.734
78,Developing,5245.187372,89,89,0.727
78.6,Developing,4697.11135,91,91,0.723
77.7,Developing,4425.57467,9,9,0.719
78,Developing,4167.71417,88,88,0.715
78.3,Developing,462.14965,94,94,0.712
77.5,Developing,3981.52847,92,91,0.708
77.6,Developing,388.363689,8,88,0.702
78,Developed,11579.6674,94,94,0.823
77.8,Developed,13467.46827,95,95,0.82
77.7,Developed,13574.749,96,96,0.817
77.1,Developed,13235.97757,96,96,0.815
77,Developed,14539.18421,96,96,0.808
76.6,Developed,1355.74586,97,97,0.803
76.3,Developed,14157.14416,96,96,0.803
76,Developed,15893.8656,96,96,0.8
75.8,Developed,13546.69872,96,96,0.793
75.9,Developed,11363.41845,96,96,0.783
75.2,Developed,1224.2459,96,96,0.777
75.4,Developed,9365.742468,96,96,0.771
74.7,Developed,785.881418,95,94,0.765
74.8,Developed,653.71637,95,95,0.759
74.9,Developed,5245.421419,94,94,0.749
74.7,Developed,4919.62869,94,93,0.739
79.1,Developing,762.261218,99,99,0.773
79,Developing,75.5199,99,99,0.772
78.7,Developing,676.15344,99,99,0.773
78.7,Developing,6425.941119,98,99,0.778
78.8,Developing,675.92436,99,97,0.78
78,Developing,5676.14143,99,96,0.784
78.1,Developing,5484.7763,99,96,0.782
77.9,Developing,5376.447622,99,95,0.771
78.1,Developing,5184.494227,99,93,0.754
78,Developing,4669.6916,99,89,0.732
77.2,Developing,3779.577,99,89,0.719
77.3,Developing,339.716256,98,88,0.705
77.4,Developing,3192.669378,98,72,0.694
77.7,Developing,2994.339988,98,99,0.692
76.7,Developing,2832.188893,99,98,0.686
76.9,Developing,2741.11542,98,95,0.679
85,Developed,2375.1127,97,97,0.854
83,Developed,2734.88382,99,99,0.85
81,Developed,2797.96736,99,99,0.85
80,Developed,28951.15556,99,99,0.85
79.7,Developed,32233.83942,99,99,0.847
79.5,Developed,3818.46396,99,99,0.853
79.3,Developed,3215.8159,99,99,0.849
79.1,Developed,3539.7488,97,97,0.844
78.9,Developed,31386.63265,97,97,0.836
78.8,Developed,27169.99256,97,97,0.829
78.7,Developed,25324.48666,98,98,0.826
78.6,Developed,23932.49128,98,98,0.823
78.5,Developed,2293.4789,98,98,0.815
78.4,Developed,16372.29152,98,98,0.805
78.2,Developed,1562.92433,97,97,0.8
78.1,Developed,14672.8826,97,97,0.798
86,Developed,5314.64416,93,93,0.923
84,Developed,62425.5392,94,94,0.926
81,Developed,61191.19263,94,94,0.924
80,Developed,5857.521,94,94,0.922
79.7,Developed,61753.667,91,91,0.91
79.2,Developed,5841.41122,9,9,0.906
78.9,Developed,58163.29359,89,89,0.906
78.8,Developed,64322.6664,88,88,0.906
78.4,Developed,58487.451,87,87,0.904
78.1,Developed,5226.99311,93,93,0.902
78.1,Developed,48799.8237,93,93,0.897
77.7,Developed,46511.6457,95,95,0.893
77.3,Developed,4458.7764,96,96,0.882
77,Developed,33228.69291,98,98,0.875
77,Developed,3751.64946,97,97,0.862
76.9,Developed,3743.55917,97,97,0.86
63.5,Developing,1862.167274,84,84,0.47
63,Developing,174.91511,78,78,0.467
62.7,Developing,1622.637974,82,82,0.464
62.2,Developing,1536.15685,81,81,0.46
61.8,Developing,143.986898,87,87,0.451
61.3,Developing,1325.99724,88,88,0.441
69,Developing,1253.657431,89,89,0.436
62,Developing,1214.77118,89,89,0.427
59.8,Developing,147.586896,88,88,0.416
59.1,Developing,965.6693779,72,72,0.405
58.6,Developing,94.7297489,71,71,0.396
58.1,Developing,864.184726,64,64,0.388
58,Developing,819.974118,68,68,0.378
57.9,Developing,792.15412,62,62,0.372
57.7,Developing,781.2322196,49,53,0.363
57.4,Developing,768.176767,46,46,0.361
73.9,Developing,6468.471648,87,85,0.718
73.6,Developing,6268.692122,9,91,0.712
73.4,Developing,627.55544,82,83,0.709
72.1,Developing,5968.876767,85,85,0.706
73.1,Developing,5759.643,84,84,0.703
72.7,Developing,5451.6696,85,88,0.697
73.6,Developing,4952.67753,85,82,0.695
73.3,Developing,511.37937,86,82,0.692
72.9,Developing,4647.31359,86,85,0.685
72.3,Developing,3836.468771,88,89,0.677
69.7,Developing,3681.5993,86,87,0.668
69.3,Developing,2421.9662,66,79,0.666
73,Developing,2372.628827,65,79,0.665
71.4,Developing,38.46578,74,82,0.66
71.2,Developing,2862.154836,71,72,0.656
72,Developing,282.4242,71,78,0.651
76.2,Developing,625.62224,84,78,0.739
76,Developing,6432.216537,84,83,0.737
76,Developing,674.9829,87,87,0.725
75.5,Developing,572.14313,85,87,0.717
75.3,Developing,5223.351763,85,88,0.71
75,Developing,4657.32361,88,91,0.703
75.1,Developing,4255.56571,91,94,0.702
74.6,Developing,4274.95265,94,96,0.698
74.7,Developing,359.71886,95,96,0.696
74.4,Developing,335.786541,92,96,0.693
74.2,Developing,321.942547,89,92,0.688
74.4,Developing,278.557892,9,88,0.682
74.4,Developing,244.46898,97,87,0.679
73.6,Developing,2183.966796,88,88,0.675
73.4,Developing,193.741571,9,89,0.67
72.8,Developing,1451.29776,83,87,0.668
73.5,Developing,4127.11775,92,91,0.678
73.3,Developing,3988.771871,93,94,0.676
73,Developing,3895.664491,92,92,0.675
73,Developing,3827.786267,93,92,0.67
72,Developing,3736.58713,9,89,0.666
72,Developing,3474.392445,89,89,0.662
71.4,Developing,3366.482133,91,91,0.662
71.7,Developing,357.347674,98,98,0.659
71.2,Developing,334.83817,99,99,0.657
75,Developing,362.951768,96,96,0.651
71,Developing,2835.281237,89,89,0.644
70,Developing,2632.79942,9,9,0.636
69.9,Developing,2519.737387,93,94,0.628
73,Developing,248.4125,81,81,0.621
68.9,Developing,2338.772244,94,92,0.615
69,Developing,2238.4116,98,99,0.607
58.2,Developing,1347.31257,17,16,0.582
57.9,Developing,192.59733,24,2,0.582
57.4,Developing,2246.9938,3,3,0.586
56.7,Developing,21557.6528,3,24,0.583
56.2,Developing,21451.88617,39,41,0.58
56.1,Developing,17136.44568,59,44,0.589
55.7,Developing,1653.2937,57,43,0.59
55.4,Developing,22742.38159,55,42,0.592
55,Developing,15761.83913,54,41,0.587
54.8,Developing,12732.2759,52,4,0.569
54.4,Developing,185.63334,5,39,0.563
54.1,Developing,685.34897,48,38,0.553
53.8,Developing,3577.176197,46,37,0.554
53.5,Developing,2711.17114,44,36,0.542
53.1,Developing,2283.87939,43,35,0.527
52.7,Developing,172.68491,41,34,0
62.9,Developing,582.775532,96,96,0.405
62.1,Developing,482.14994,9,9,0.404
61.4,Developing,43.7544499,92,92,0.402
67,Developing,326.825642,94,94,0.406
62,Developing,317.3294336,91,91,0.405
59.7,Developing,297.828588,94,94,0.405
59.4,Developing,276.75896,96,96,0
59.1,Developing,287.4222243,98,98,0
58.8,Developing,232.7945459,95,93,0
58.5,Developing,21.7687981,92,9,0
58.1,Developing,215.139213,89,86,0
45.3,Developing,28.1969487,82,81,0
77.6,Developing,1774.9291,93,93,0.863
77.3,Developing,19941.45532,93,93,0.86
76.9,Developing,1929.7746,94,94,0.856
76.3,Developing,17421.8922,94,94,0.85
76.1,Developing,17454.84342,93,93,0.838
75.6,Developing,14638.6482,94,94,0.833
74.9,Developing,14726.31828,95,95,0.836
74.2,Developing,1894.5485,95,95,0.835
73,Developing,16586.452,95,95,0.829
73,Developing,12595.4165,95,95,0.822
72.8,Developing,1338.31322,96,96,0.812
72.3,Developing,885.465115,95,94,0.805
71.9,Developing,7174.237415,95,94,0.798
71.2,Developing,538.347781,94,94,0.791
78,Developing,4498.95727,94,94,0.781
78,Developing,47.32827,93,93,0.764
64.8,Developing,645.4637627,75,77,0.441
64.2,Developing,571.1622759,75,77,0.435
63.7,Developing,52.1535887,7,72,0.427
63.3,Developing,468.567249,7,69,0.422
62.6,Developing,354.8463544,7,65,0.411
61.8,Developing,341.39992,69,61,0.401
68,Developing,379.7566385,65,58,0.393
59.8,Developing,325.3825543,63,54,0.378
58.5,Developing,243.326822,61,5,0.362
57.2,Developing,193.794956,59,46,0.346
56,Developing,161.6266248,56,44,0.325
55,Developing,135.7623858,54,4,0.31
54,Developing,118.8734466,55,37,0.306
53.2,Developing,111.3634356,55,35,0.298
52.5,Developing,12.1789279,55,32,0.283
51.2,Developing,123.876257,55,3,0
69.9,Developing,4921.89629,99,99,0.734
69.7,Developing,546.3728,99,99,0.727
69.6,Developing,4763.68956,99,99,0.719
69.4,Developing,4546.73854,99,99,0.714
69.2,Developing,4353.121392,99,99,0.709
69.1,Developing,3651.966784,99,99,0.706
68.9,Developing,3369.48247,99,99,0.704
68.7,Developing,4177.657789,99,99,0.7
68.6,Developing,478.82327,99,99,0.698
68.5,Developing,3749.939813,98,98,0.695
68.3,Developing,3658.63832,97,96,0.699
68.1,Developing,3332.918533,96,95,0.691
68,Developing,2835.973972,95,94,0.689
67.9,Developing,2259.55796,94,93,0.687
67.8,Developing,238.891729,92,91,0.683
67.7,Developing,276.1338,91,9,0.681
81.1,Developing,4245.39744,97,97,0.893
89,Developing,49914.61864,98,98,0.89
87,Developing,49638.7713,98,98,0.887
84,Developing,47415.55987,99,99,0.884
83,Developing,579.72415,99,99,0.878
79.9,Developing,4622.41516,99,99,0.874
79.7,Developing,4717.15571,99,99,0.878
79.6,Developing,5341.31487,97,99,0.876
79.3,Developing,48288.5491,97,99,0.873
79.2,Developing,4112.67651,97,97,0.869
78.9,Developing,38969.17163,97,97,0.864
78.7,Developing,37636.11173,96,98,0.869
78.4,Developing,32816.1688,96,98,0.866
78.1,Developing,26834.2625,95,98,0.863
78,Developing,24913.24452,95,98,0.856
77.5,Developing,24253.2542,96,99,0.847
82.4,Developing,36526.7711,98,98,0.894
82.2,Developing,42955.24287,98,98,0.89
82,Developing,42554.1225,99,99,0.887
81.5,Developing,4838.2444,99,99,0.885
81.7,Developing,4381.288,99,99,0.882
81.3,Developing,473.34279,99,99,0.879
81.1,Developing,41631.13141,98,98,0.879
89,Developing,45413.6571,98,98,0.877
89,Developing,416.58397,99,98,0.873
86,Developing,36544.5853,99,99,0.87
81,Developing,34879.72633,98,98,0.86
82,Developing,33874.74255,99,98,0.857
79.3,Developing,29691.18158,96,97,0.852
79.2,Developing,24275.2426,97,97,0.851
79,Developing,22527.31775,98,97,0.849
78.8,Developing,22465.64184,98,97,0.844
66,Developing,7388.984144,79,8,0.694
65.5,Developing,9692.163874,68,7,0.687
64.6,Developing,9679.742995,77,79,0.678
63.5,Developing,9774.18117,8,82,0.669
62.8,Developing,1716.2258,75,75,0.664
62.3,Developing,8754.113376,68,67,0.66
61.7,Developing,763.66223,74,76,0.652
61.6,Developing,194.2746,81,82,0.651
61.6,Developing,8352.81711,78,81,0.645
61.4,Developing,727.777345,44,45,0.646
65,Developing,6741.2939479999995,44,45,0.64
59.7,Developing,5685.577736,44,45,0.64
59.7,Developing,4892.11618,44,45,0.638
59.7,Developing,412.55271,44,45,0.636
59.8,Developing,3976.14887,44,45,0.633
61,Developing,4116.46693,44,45,0.637
74.4,Developing,3764.64912,91,94,0.768
74.5,Developing,4429.6575,91,91,0.759
74.5,Developing,4274.376857,94,93,0.755
74.2,Developing,4142.869175,93,92,0.749
73.9,Developing,3725.63221,88,94,0.742
73.8,Developing,2964.47734,88,92,0.738
73.2,Developing,276.588512,93,88,0.734
73.9,Developing,3174.9491,9,92,0.735
74.4,Developing,2492.12878,88,98,0.722
73.9,Developing,1872.68416,89,88,0.714
73.9,Developing,153.57521,82,82,0.703
72.3,Developing,127.367228,66,78,0.694
72.7,Developing,928.18227,74,75,0.684
71.7,Developing,779.3845935,89,84,0.677
73,Developing,733.974142,83,87,0.673
71.8,Developing,691.997711,81,8,0
81,Developed,41176.88158,94,95,0.924
89,Developed,4792.65288,94,95,0.92
86,Developed,4653.91143,94,95,0.919
86,Developed,4465.24891,94,95,0.916
85,Developed,4681.32796,94,95,0.912
81,Developed,41785.55691,94,95,0.907
80,Developed,41732.7725,95,96,0.906
79.9,Developed,45699.19832,95,96,0.903
79.8,Developed,41814.8191,95,96,0.898
79.6,Developed,36447.87232,94,96,0.892
79.2,Developed,34696.6292,95,96,0.884
79.1,Developed,34165.9343,96,96,0.877
78.5,Developed,3359.95215,96,97,0.872
78.4,Developed,2525.16445,97,93,0.867
78.3,Developed,23687.31689,96,93,0.86
78,Developed,23718.7467,94,9,0.855
62.4,Developing,1361.11395,88,88,0.575
62.1,Developing,1432.227943,93,98,0.576
61.9,Developing,1814.492297,91,9,0.57
61.6,Developing,1629.8222,91,92,0.563
61.2,Developing,1574.978653,91,91,0.554
69,Developing,1312.67557,94,94,0.547
66,Developing,186.76538,94,94,0.542
63,Developing,1224.41554,92,93,0.53
59.9,Developing,19.686718,94,94,0.519
59.4,Developing,922.9351677,84,84,0.51
58.9,Developing,498.172394,85,84,0.499
58.3,Developing,423.1936389,81,8,0.491
57.9,Developing,373.2815537,8,8,0.489
57.6,Developing,39.484473,8,78,0.484
57.4,Developing,273.6596668,81,79,0.485
57.2,Developing,263.1124679,88,88,0.48
81,Developing,187.78991,99,99,0.865
88,Developing,21673.7817,99,99,0.862
86,Developing,21874.8195,99,99,0.86
84,Developing,22242.68193,99,99,0.858
85,Developing,25916.29353,99,99,0.86
83,Developing,26917.75898,99,99,0.859
80,Developing,2971.973,99,99,0.857
79.9,Developing,31997.2821,99,99,0.853
79.4,Developing,28827.32636,99,99,0.855
79.7,Developing,2481.15781,98,98,0.85
79.3,Developing,22551.73574,96,96,0.839
79.2,Developing,21955.149,95,95,0.83
79.1,Developing,18477.57841,93,94,0.823
79,Developing,1411.31339,92,92,0.811
78.7,Developing,12538.17883,9,91,0.801
78.2,Developing,1242.95373,89,89,0.794
73.6,Developing,9212.192824,99,92,0.751
73.5,Developing,8569.776998,81,97,0.749
73.3,Developing,7955.615985,98,97,0.746
73.1,Developing,7583.1872,98,97,0.744
72.9,Developing,741.48438,95,95,0.741
72.6,Developing,7365.666659,94,97,0
72.4,Developing,7395.88125,99,99,0
72.1,Developing,7946.944346,99,99,0
71.9,Developing,7322.596862,96,96,0
71.7,Developing,6764.722867,91,91,0
71.5,Developing,6754.512393,99,99,0
73,Developing,5836.17763,84,83,0
71.1,Developing,5773.73577,98,97,0
79,Developing,5292.232379,98,98,0
77,Developing,519.958715,96,96,0
74,Developing,5117.5899230000005,97,97,0
71.9,Developing,3923.573344,9,74,0.637
71.7,Developing,3687.763767,65,73,0.614
71.4,Developing,3452.828934,84,85,0.611
71.3,Developing,3299.65139,94,96,0.616
71.1,Developing,3187.845296,88,88,0.609
77,Developing,2825.5247,94,94,0.602
76,Developing,2635.753474,92,92,0.596
79,Developing,2794.22189,96,95,0.589
75,Developing,2489.955836,85,85,0.578
69.7,Developing,2256.56724,9,89,0.57
69.2,Developing,277.83438,87,87,0.567
69.6,Developing,1872.73783,88,87,0.564
69.4,Developing,1753.349471,84,84,0.56
69.3,Developing,171.771491,82,82,0.553
68.4,Developing,1568.376276,78,77,0.546
67.7,Developing,1655.596261,8,81,0.539
59,Developing,554.48766,42,54,0.414
58.1,Developing,561.997387,42,51,0.412
58.8,Developing,54.169324,63,63,0.406
58.4,Developing,52.3485646,63,62,0.396
58.1,Developing,459.2912,63,63,0.385
57.8,Developing,438.7513346,62,64,0.38
57.3,Developing,436.6895539,6,57,0.376
56.8,Developing,437.4467238,59,6,0.371
56.4,Developing,49.456775,46,63,0.364
55.6,Developing,296.68382,53,57,0.356
54.7,Developing,33.424498,59,59,0.346
54,Developing,386.3288283,65,6,0.325
53.3,Developing,37.1931781,61,57,0.338
52.9,Developing,322.811171,56,53,0.329
52.5,Developing,315.83983,52,5,0.322
52.5,Developing,34.516918,47,46,0.316
58.9,Developing,596.8717189,87,87,0.421
58.4,Developing,642.6256154,87,87,0.419
58.1,Developing,61.566347,87,87,0.415
57.6,Developing,67.7518833,87,87,0.416
57.1,Developing,692.69989,85,86,0.41
56.7,Developing,543.957418,82,83,0.405
56.3,Developing,544.222779,78,8,0.401
55.6,Developing,583.5445622,77,77,0.398
55,Developing,481.694976,76,74,0.394
54.4,Developing,418.94454,74,71,0.388
53.9,Developing,424.9534585,73,68,0
53.5,Developing,393.3138244,69,64,0
53,Developing,36.5718585,65,6,0
52.8,Developing,321.481324,61,57,0
52.5,Developing,39.486749,56,53,0
52.1,Developing,297.7519443,52,49,0
66.2,Developing,4136.689919,92,95,0.638
66,Developing,43.82321,97,98,0.636
65.9,Developing,3944.178173,98,98,0.633
65.8,Developing,3785.935665,97,97,0.63
65.6,Developing,3439.597513,93,93,0.624
65.9,Developing,326.281212,95,95,0.618
66.1,Developing,2716.35256,97,98,0.618
66.3,Developing,2576.124957,93,93,0.618
65.7,Developing,2327.58324,94,94,0.62
65.2,Developing,1945.6395,92,93,0.622
65,Developing,198.455216,93,93,0.619
65.1,Developing,145.58861,91,91,0.613
65.3,Developing,986.7958173,91,9,0.611
65.3,Developing,96.8674827,93,91,0.609
65.4,Developing,925.582546,9,85,0.606
65.4,Developing,946.599372,79,88,0.602
63.5,Developing,814.5463952,56,6,0.49
63.1,Developing,83.1148117,55,48,0.487
62.7,Developing,81.265673,67,68,0.483
62.3,Developing,766.8437623,67,67,0.477
62.3,Developing,74.9358452,67,68,0.47
36.3,Developing,662.2795182,66,66,0.47
62.5,Developing,668.297646,65,65,0.466
62.1,Developing,674.7564147,64,63,0.462
61.8,Developing,615.8198192,62,63,0.458
61.1,Developing,55.47626,61,6,0.455
65,Developing,465.311876,6,6,0.452
58.7,Developing,387.9429725,58,55,0.45
59.7,Developing,329.782946,56,53,0.447
59.3,Developing,393.16327,54,48,0.444
58.9,Developing,413.7383164,52,45,0.443
58.6,Developing,462.486524,5,41,0.439
74.6,Developing,2326.15856,97,97,0.623
74.5,Developing,2242.711912,97,97,0.618
74.3,Developing,2136.77395,97,97,0.614
74.1,Developing,2178.38325,97,97,0.614
73.9,Developing,212.584798,97,97,0.611
73.6,Developing,1932.85829,97,97,0.606
73.4,Developing,1815.489496,97,97,0.603
73.2,Developing,1751.595857,93,93,0.597
73,Developing,1592.572182,94,94,0.59
72.8,Developing,1437.628785,94,95,0.583
72.5,Developing,1311.741714,98,98,0.577
72.2,Developing,1217.657961,94,94,0.571
71.9,Developing,1157.3427,92,92,0.566
71.6,Developing,1132.8721,95,95,0.561
71.3,Developing,113.4546,99,96,0.557
71,Developing,188.783165,88,94,0.551
75.8,Developed,12365.6263,99,99,0.834
75.6,Developed,14117.97668,99,99,0.834
75.5,Developed,13613.6147,99,99,0.824
75,Developed,12834.32349,99,99,0.823
74.8,Developed,1448.87958,99,99,0.821
74.5,Developed,1325.53379,99,99,0.817
74.2,Developed,12967.16543,99,99,0.816
74.1,Developed,15669.25929,99,99,0.812
73.5,Developed,13842.6549,99,99,0.809
73.4,Developed,11398.76584,99,99,0.802
72.9,Developed,11161.72441,99,99,0.795
72.9,Developed,1259.5266,99,99,0.793
72.5,Developed,8396.25323,99,99,0.784
72.5,Developed,665.6443,98,99,0.775
72.3,Developed,527.85364,99,99,0.769
71.7,Developed,4623.46712,99,99,0.761
82.7,Developed,5734.4436,92,92,0.919
82.5,Developed,52473.11356,9,9,0.915
82.4,Developed,4781.3888,91,91,0.907
82.5,Developed,44333.8518,89,89,0.901
82.1,Developed,46.217,95,95,0.894
81.8,Developed,41676.44527,96,96,0.894
81.6,Developed,4461.89251,96,96,0.894
81.4,Developed,55575.29196,98,98,0.892
81.3,Developed,68348.31817,97,97,0.887
81.1,Developed,5613.54115,97,97,0.884
81,Developed,56249.7555,95,95,0.879
88,Developed,46917.27216,99,99,0.873
87,Developed,3944.999,97,97,0.866
84,Developed,31996.2172,95,95,0.859
80,Developed,28585.9254,92,92,0.854
79.7,Developed,31813.37344,98,98,0.847
68.3,Developing,1613.18878,86,87,0.615
68,Developing,1573.11889,84,85,0.607
67.6,Developing,1452.195373,82,83,0.599
67.3,Developing,1446.98541,79,82,0.59
66.8,Developing,1461.671957,79,82,0.58
66.4,Developing,1345.77153,76,79,0.569
66,Developing,19.317765,73,74,0.563
65.5,Developing,991.484634,69,7,0.556
65.2,Developing,118.166373,67,64,0.546
64.8,Developing,792.259698,66,65,0.536
64.4,Developing,77.819,65,65,0.526
64,Developing,621.3183767,58,63,0.518
63.7,Developing,541.1352279,57,61,0.505
63.3,Developing,466.2842,58,59,0.499
62.9,Developing,447.138966,58,59,0.494
62.5,Developing,438.864634,57,58,0.489
69.1,Developing,3336.16686,8,78,0.686
68.9,Developing,3491.595887,8,78,0.682
68.7,Developing,362.663981,86,85,0.677
68.5,Developing,3687.953996,84,83,0.669
68.3,Developing,3634.27685,81,81,0.662
68.1,Developing,3113.48635,82,81,0.656
67.9,Developing,2254.44566,85,78,0.645
67.7,Developing,216.52766,83,77,0.641
67.5,Developing,1855.93915,77,73,0.638
67.3,Developing,1586.254,78,72,0.632
67.2,Developing,126.928834,79,72,0.629
65.3,Developing,1148.56996,79,71,0.624
66.9,Developing,164.59447,8,71,0.613
66.7,Developing,899.5556857,8,7,0.608
66.5,Developing,747.9817455,77,76,0.604
66.3,Developing,78.92744,72,75,0.597
68.9,Developing,4974.2693,63,58,0.649
67.9,Developing,673.74737,67,64,0.658
69.5,Developing,6925.22446,7,68,0.659
76,Developing,6651.12242,7,69,0.656
77,Developing,5854.614497,8,79,0.649
76,Developing,452.74948,74,74,0.646
74,Developing,3735.144836,78,78,0.643
69.3,Developing,4521.3247,71,69,0.638
65.9,Developing,3129.224922,74,57,0.636
64.7,Developing,2351.812429,63,59,0.631
66.8,Developing,1849.63911,69,65,0.628
67.2,Developing,1391.816923,69,74,0.603
81.4,Developed,6664.144,95,95,0.92
81.2,Developed,5553.32623,96,96,0.91
81,Developed,5234.76736,96,96,0.902
85,Developed,49231.36254,95,95,0.895
84,Developed,52567.52568,95,95,0.909
86,Developed,48538.58776,94,94,0.907
79.7,Developed,51983.78892,94,94,0.909
79.8,Developed,61235.415,93,93,0.908
79.5,Developed,61388.17457,92,92,0.902
79,Developed,54326.9713,91,91,0.896
78.7,Developed,5886.82789,9,9,0.889
78.3,Developed,47631.6377,89,89,0.88
78,Developed,4117.15532,86,86,0.87
77.4,Developed,32539.1937,83,83,0.862
77,Developed,28223.55528,84,84,0.857
76.4,Developed,26241.91883,86,86,0.848
82.5,Developing,35729.37253,95,95,0.898
82.2,Developing,37582.84624,95,95,0.895
82.1,Developing,36393.66932,96,96,0.891
81.8,Developing,32569.59683,94,94,0.889
81.8,Developing,33657.15727,94,94,0.883
81.7,Developing,3661.994,95,95,0.878
81.5,Developing,27795.87671,96,96,0.876
81,Developing,29657.4421,94,94,0.877
84,Developing,258.637,95,95,0.872
84,Developing,2195.1769,94,95,0.87
80,Developing,2611.17931,95,93,0.866
81,Developing,19888.172,95,95,0.863
79.7,Developing,18946.99942,93,93,0.863
79.3,Developing,18431.15696,91,9,0.855
79.3,Developing,236.19646,93,92,0.85
78.9,Developing,2152.1432,93,93,0.845
82.7,Developed,349.14755,93,93,0.881
82.5,Developed,35396.66517,95,95,0.877
82.3,Developed,3537.27441,96,96,0.876
82,Developed,34814.12436,96,97,0.877
82,Developed,38334.68477,96,96,0.872
81.8,Developed,35849.37364,96,96,0.869
81.6,Developed,36976.84512,96,96,0.868
81.5,Developed,464.18465,96,96,0.866
81.3,Developed,37698.78573,97,97,0.862
81.2,Developed,3341.7482,97,96,0.856
88,Developed,31959.26215,97,95,0.851
89,Developed,31174.56118,97,94,0.846
79.9,Developed,27387.2258,97,96,0.841
80,Developed,22196.5736,96,93,0.836
79.8,Developed,24.819,96,93,0.828
79.4,Developed,251.2426,97,87,0.823
76.2,Developing,4965.989857,91,91,0.729
75.8,Developing,4855.743789,93,92,0.727
75.6,Developing,56.144952,86,93,0.727
75.3,Developing,521.33363,96,96,0.725
75.2,Developing,513.549487,93,92,0.722
75,Developing,4682.728424,94,94,0.721
74.7,Developing,4293.383274,9,9,0.721
74.5,Developing,492.492378,91,91,0.718
74.2,Developing,462.517913,94,92,0.714
74,Developing,4313.1682,99,95,0.709
73.5,Developing,482.24762,99,99,0.706
73.3,Developing,3719.97351,97,98,0.689
73.1,Developing,3465.221998,99,96,0.694
73,Developing,3596.496282,99,99,0.69
72.7,Developing,3394.878,99,99,0.68
72.6,Developing,336.8742,95,93,0.682
83.7,Developed,34474.13736,99,96,0.902
83.5,Developed,3896.21151,99,96,0.899
83.5,Developed,4454.44746,99,96,0.894
83.3,Developed,4863.47665,99,97,0.889
82.5,Developed,48167.99727,96,97,0.884
83,Developed,4457.67639,98,97,0.879
83,Developed,4855.17564,99,97,0.881
82.7,Developed,39339.29757,98,98,0.88
82.6,Developed,35275.22843,97,98,0.877
82.4,Developed,35433.98896,95,98,0.873
82,Developed,37217.64873,95,98,0.87
82.1,Developed,37688.72234,97,99,0.866
81.9,Developed,3488.3992,97,97,0.863
81.8,Developed,32289.3554,89,96,0.86
81.5,Developed,33846.46564,81,95,0.856
81.1,Developed,38532.488,98,85,0.852
74.1,Developing,496.99275,99,99,0.741
74,Developing,466.94775,98,98,0.737
73.9,Developing,3992.86717,98,98,0.737
73.7,Developing,387.753211,98,98,0.735
73.6,Developing,387.324145,98,98,0.737
73.4,Developing,3679.19275,98,98,0.739
73.3,Developing,3492.1396,98,98,0.742
73.1,Developing,3385.69665,98,97,0.739
73,Developing,2762.86354,98,98,0.736
72.8,Developing,2537.349,98,98,0.733
72.4,Developing,223.83787,95,95,0.73
72.5,Developing,261.456882,95,95,0.723
72.3,Developing,1889.213962,97,97,0.717
72.1,Developing,1812.288374,95,95,0.712
71.9,Developing,1728.2659,97,99,0.706
71.7,Developing,1657.889256,94,91,0.7
72,Developing,159.9817,98,98,0.793
69.9,Developing,1286.56511,95,95,0.789
69.5,Developing,1389.8561,98,98,0.782
69.1,Developing,12387.18982,98,99,0.774
68.5,Developing,11634.42422,99,99,0.766
67.8,Developing,97.649972,98,99,0.763
67.8,Developing,7165.2775,99,98,0.758
66.6,Developing,8513.564645,99,99,0.758
65.3,Developing,6771.414797,94,93,0.754
65,Developing,5291.57565,99,99,0.747
64.6,Developing,3771.278957,99,98,0.737
64.7,Developing,2874.288291,99,82,0.725
64.4,Developing,268.123657,99,99,0.714
64.7,Developing,1658.31146,95,95,0.7
64.4,Developing,149.926751,95,95,0.685
63.9,Developing,1229.958,96,97,0.676
63.4,Developing,1349.97144,83,89,0.55
62.9,Developing,1335.6458,93,92,0.546
62.6,Developing,1229.114798,94,87,0.541
62.1,Developing,1155.2582,94,94,0.536
61.2,Developing,987.4453967,97,96,0.53
63,Developing,967.34773,9,9,0.523
59.1,Developing,92.816252,89,88,0.514
57.9,Developing,916.8992515,88,88,0.506
56.8,Developing,839.181117,76,81,0.494
55.3,Developing,697.66385,77,8,0.483
54.1,Developing,519.7999346,7,76,0.474
53,Developing,458.8843551,73,73,0.461
52.4,Developing,436.6875357,75,73,0.45
52.1,Developing,395.8493511,83,84,0.451
51.9,Developing,41.7763612,77,8,0.447
51.9,Developing,43.9797132,8,82,0.448
66.3,Developing,1424.483611,8,78,0.586
66.1,Developing,1684.54274,79,75,0.597
65.8,Developing,1724.361737,91,95,0.589
65.7,Developing,1763.815497,92,94,0.581
65.5,Developing,1692.613277,95,99,0.585
65.3,Developing,1493.1651,95,91,0.584
65.2,Developing,1297.285141,84,86,0.576
65.1,Developing,1413.3234,74,82,0.572
65,Developing,1357.632211,93,94,0.574
65,Developing,1151.555618,86,86,0.576
64.9,Developing,1214.556667,74,79,0
64.8,Developing,113.6286,61,62,0
64.7,Developing,115.3865,79,7,0
64.6,Developing,826.58554,96,77,0
64.3,Developing,734.9492461,88,85,0
64.1,Developing,796.7937634,9,9,0
74.7,Developing,28975.418,99,99,0.799
74.6,Developing,42996.4812,94,95,0.787
74.5,Developing,48399.9581,99,99,0.796
74.3,Developing,51264.7134,98,98,0.794
74.2,Developing,48268.5912,99,99,0.792
74,Developing,38497.61696,98,98,0.79
73.9,Developing,37567.3121,99,99,0.788
73.8,Developing,55571.9986,99,99,0.787
73.7,Developing,45793.97614,99,99,0.787
73.6,Developing,42717.55725,99,99,0.787
73.6,Developing,3549.26132,99,99,0.789
73.5,Developing,26921.8278,98,98,0.791
73.4,Developing,2271.56961,99,99,0.788
73.3,Developing,17789.41981,99,99,0.785
73.2,Developing,1654.96761,99,99,0.786
73.2,Developing,18389.38433,94,98,0.786
74.6,Developed,13666.58336,95,95,0.828
74.4,Developed,15725.1374,92,92,0.822
74.1,Developed,1532.22924,94,94,0.814
73.8,Developed,13822.8559,91,91,0.812
73.6,Developed,1372.68947,92,92,0.81
72.8,Developed,11326.21947,92,92,0.815
72.6,Developed,12219.37379,94,94,0.821
71.9,Developed,16348.53121,94,94,0.819
78,Developed,1444.1589,94,94,0.814
75,Developed,9667.9757,96,96,0.807
76,Developed,7558.7426,99,99,0.791
71,Developed,6351.8125,99,99,0.776
78,Developed,5134.95694,98,98,0.761
73,Developed,4132.34927,98,97,0.746
69.9,Developed,3572.8513,97,97,0.728
71,Developed,3352.731296,96,96,0.716
74.9,Developing,846.632851,75,81,0.763
74.8,Developing,8161.4614,75,81,0.763
74.9,Developing,846.285153,75,81,0.766
75,Developing,8787.94668,75,81,0.763
75,Developing,8734.9653,75,81,0.758
74.9,Developing,8763.826274,75,81,0.752
74.7,Developing,84.268878,75,81,0.746
74.5,Developing,712.775759,75,81,0.74
74.4,Developing,614.271115,75,8,0.731
74.1,Developing,5372.65899,75,78,0.733
73.9,Developing,5339.441291,74,77,0
73.7,Developing,5424.22356,74,75,0
73.5,Developing,5425.6697,74,74,0
73.2,Developing,5436.595223,77,77,0
73,Developing,5253.122599,8,8,0
72.7,Developing,5334.93329,83,83,0
53.7,Developing,173.82893,9,93,0.495
52.1,Developing,1174.839214,9,93,0.491
52.1,Developing,1196.1335,9,93,0.484
52.2,Developing,1281.516,93,95,0.479
52.3,Developing,1352.38433,95,96,0.469
51.1,Developing,1173.26212,92,93,0.464
49.4,Developing,923.136931,89,91,0.453
47.8,Developing,934.428563,86,88,0.447
46.2,Developing,918.432717,87,88,0.44
45.3,Developing,915.775754,88,89,0.437
44.5,Developing,862.9463118,88,89,0.437
44.8,Developing,781.5145936,89,9,0.439
45.5,Developing,63.636279,9,9,0.44
46.4,Developing,47.89395,84,84,0.446
47.8,Developing,437.819184,78,78,0.443
49.3,Developing,474.8197876,82,83,0.445
61.4,Developing,452.38717,52,52,0.427
58.1,Developing,458.4651734,49,5,0.426
61.1,Developing,454.1222236,75,76,0.419
67,Developing,415.361958,8,8,0.416
62,Developing,379.689583,77,77,0.406
59.7,Developing,327.42597,71,7,0.403
59.2,Developing,33.667491,84,81,0.4
58.6,Developing,232.61732,79,75,0.394
57.9,Developing,21.3733292,67,65,0.383
56.7,Developing,178.92799,66,6,0.377
55.3,Developing,168.648254,66,6,0.372
54,Developing,149.4452549,47,31,0.335
50,Developing,133.494518,49,35,0.373
56,Developing,177.285187,51,39,0.376
51.5,Developing,174.1815473,54,42,0.386
51.9,Developing,183.4149991,56,46,0.338
71.3,Developing,562.549434,98,98,0.756
72.8,Developing,1212.56217,98,98,0.755
72.7,Developing,1296.97353,98,98,0.757
72.6,Developing,14396.4865,98,98,0.757
72.5,Developing,1138.56661,98,98,0.756
72.2,Developing,9344.987518,98,98,0.752
71.9,Developing,8171.361651,98,98,0.748
71.5,Developing,586.8364,97,97,0.747
71.3,Developing,4676.96753,95,95,0.74
71.1,Developing,375.442638,93,93,0.736
71,Developing,6269.58123,94,94,0.732
78,Developing,7145.628494,94,94,0.727
73.6,Developed,14252.42853,93,93,0.846
73.4,Developed,16554.97139,93,93,0.841
73,Developed,15712.82376,93,93,0.834
73,Developed,14341.836,93,93,0.83
72.8,Developed,14357.73679,92,92,0.826
72.4,Developed,11984.86857,95,95,0.824
72.2,Developed,11837.3913,98,98,0.825
71.1,Developed,14961.56818,96,96,0.82
72,Developed,12297.91535,95,95,0.812
76,Developed,924.642548,94,94,0.807
78,Developed,7863.1629,93,94,0.798
71.6,Developed,676.966998,9,94,0.792
71.6,Developed,555.535669,91,94,0.78
71.4,Developed,4146.987928,97,95,0.77
71.2,Developed,353.147337,97,95,0.757
71.6,Developed,3297.35471,92,94,0.745
82,Developed,1199.8223,99,99,0.896
81.7,Developed,119172.7418,99,99,0.892
81.4,Developed,113751.85,99,99,0.892
81.1,Developed,16749.136,99,99,0.892
88,Developed,115761.577,96,99,0.894
86,Developed,14965.361,96,99,0.884
83,Developed,13198.6693,96,99,0.888
80,Developed,114293.8433,96,99,0.887
79.7,Developed,1618.4928,96,99,0.877
79.4,Developed,89739.7117,99,99,0.88
78.8,Developed,8289.69641,99,99,0.874
78.7,Developed,75716.3518,99,99,0.867
78.6,Developed,65445.8853,99,98,0.865
78.3,Developed,5293.64115,99,99,0.86
78,Developed,48179.4285,99,99,0.854
77.8,Developed,48735.99549,99,99,0.848
65.5,Developing,41.8575951,71,69,0.511
65.1,Developing,452.4631926,73,73,0.509
64.7,Developing,461.723722,73,74,0.508
64.3,Developing,443.9611,71,7,0.506
63.8,Developing,454.963464,73,73,0.504
63.3,Developing,412.739341,7,7,0.503
62.8,Developing,415.6893226,76,77,0.5
62.3,Developing,47.733254,77,77,0.491
61.9,Developing,377.8482928,83,84,0.483
61.4,Developing,292.157443,83,85,0.478
69,Developing,274.819723,8,85,0.473
64,Developing,245.1235876,74,78,0.466
59.9,Developing,316.7998965,65,66,0.457
59.3,Developing,262.2859481,61,62,0.462
58.7,Developing,278.555732,6,6,0.456
57.9,Developing,245.939659,58,57,0
58.3,Developing,362.6575444,88,88,0.473
57.6,Developing,354.7253961,87,91,0.466
56.7,Developing,332.922339,89,89,0.459
55.3,Developing,374.51882,95,96,0.454
54.1,Developing,512.125451,97,97,0.444
52.9,Developing,458.8681744,86,93,0.43
51.5,Developing,42.7379657,93,93,0.415
50,Developing,372.842678,92,91,0.4
48.5,Developing,32.2227274,88,87,0.387
47.1,Developing,297.6971211,99,99,0.377
46,Developing,28.3673842,94,93,0.371
45.1,Developing,274.2256294,94,89,0.366
44.6,Developing,26.152517,85,84,0.362
44,Developing,29.9798977,79,64,0.388
43.5,Developing,146.7615397,86,9,0.387
43.1,Developing,153.2594872,73,75,0.391
75,Developing,9643.644683,99,99,0.787
74.8,Developing,11183.96191,97,97,0.783
74.6,Developing,1882.27842,97,97,0.779
74.5,Developing,1779.49641,97,97,0.776
74.3,Developing,145.1262,96,96,0.774
74.1,Developing,971.356987,96,96,0.764
74,Developing,7326.744435,97,97,0.756
73.8,Developing,8513.629541,97,97,0.747
73.7,Developing,7269.17114,97,97,0.736
73.6,Developing,6222.982955,95,95,0.732
73.4,Developing,5593.822995,96,96,0.734
73.2,Developing,4955.477743,95,95,0.731
73.1,Developing,4463.675893,96,96,0.724
72.9,Developing,4167.364387,94,94,0.723
72.7,Developing,3915.11546,95,96,0.725
72.4,Developing,445.17471,98,98,0.715
78.5,Developing,8395.785198,99,99,0.701
78.2,Developing,7716.2415,99,99,0.693
77.9,Developing,7112.33575,99,99,0.683
77.6,Developing,6541.7465,99,99,0.675
77.3,Developing,6497.55443,96,96,0.663
76.7,Developing,633.79498,97,96,0.653
76.3,Developing,597.1659,98,98,0.651
75.9,Developing,5828.621374,98,98,0.641
75.4,Developing,52.862285,98,98,0.632
75,Developing,4428.522898,98,98,0.622
74.3,Developing,3488.493769,98,98,0.625
73.4,Developing,3853.33348,96,96,0.617
72.7,Developing,3432.247841,98,98,0.601
71.8,Developing,32.37239,98,98,0.597
78,Developing,298.67598,97,98,0.587
69.6,Developing,2182.99711,98,98,0.577
58.2,Developing,729.725338,66,64,0.438
57.8,Developing,825.5729915,74,73,0.43
57.3,Developing,777.659139,7,69,0.421
57.2,Developing,777.3476868,72,66,0.411
56.8,Developing,835.88998,72,66,0.404
56.5,Developing,78.377632,77,73,0.396
56,Developing,697.153124,77,73,0.385
55.5,Developing,689.6784228,74,74,0.36
55,Developing,595.6368319,76,74,0.363
54.3,Developing,521.6425796,79,78,0.35
53.6,Developing,487.942556,78,77,0.338
52.8,Developing,439.3572924,7,69,0.333
52,Developing,391.791281,67,63,0.318
51.2,Developing,334.22416,65,61,0.308
55,Developing,36.8473237,56,49,0.297
49.8,Developing,269.3483829,53,43,0.291
81.7,Developed,23819.4636,97,97,0.853
81.4,Developed,2618.92599,99,99,0.847
81.1,Developed,2393.1888,99,99,0.828
81,Developed,2193.8836,99,99,0.821
87,Developed,22821.847,96,96,0.826
83,Developed,2187.79469,76,76,0.819
82,Developed,2675.58259,73,73,0.815
80,Developed,21928.767,72,72,0.813
79.6,Developed,19375.5696,76,74,0.808
79.3,Developed,16671.5672,83,85,0.809
79,Developed,15835.34667,94,92,0.805
78.7,Developed,1519.5497,89,89,0.797
78.5,Developed,13689.98999,94,94,0.79
78.2,Developed,11843.9392,95,95,0.786
77.8,Developed,1121.78636,95,95,0.783
77.5,Developed,1139.5651,94,94,0.779
63.1,Developing,1158.256469,67,73,0.513
63,Developing,1326.66882,84,84,0.509
62.7,Developing,145.57838,8,8,0.501
62.5,Developing,1364.283745,8,8,0.491
62.2,Developing,1393.261593,73,75,0.487
62,Developing,123.383675,52,64,0.484
61.7,Developing,146.83851,63,64,0.476
61.4,Developing,1167.535689,73,74,0.475
61.2,Developing,113.3128,75,75,0.475
69,Developing,944.134851,68,68,0.466
66,Developing,697.7451989,71,71,0.461
64,Developing,62.547286,68,7,0.451
63,Developing,528.58661300000006,75,76,0.447
62,Developing,46.9542322,91,89,0.446
61,Developing,464.229758,75,75,0.444
60,Developing,477.476124,58,51,0.443
74.6,Developing,9252.11724,98,97,0.779
74.2,Developing,1153.93822,98,97,0.769
74.1,Developing,9637.265,98,98,0.765
73.9,Developing,9291.227619,98,98,0.756
73.6,Developing,9197.26972,98,98,0.748
73.3,Developing,8.376432,99,99,0.74
72.8,Developing,7318.12641,99,99,0.734
72.7,Developing,83.635,99,99,0.728
72.9,Developing,6574.654338,96,97,0.72
71.8,Developing,5695.969327,98,97,0.713
72.1,Developing,5116.45424,97,97,0.704
71.9,Developing,5229.876738,98,98,0.696
71.5,Developing,4623.347642,99,99,0.687
71.5,Developing,3957.51296,88,88,0.683
71.5,Developing,3792.182152,93,92,0.673
71,Developing,3861.32414,88,88,0.667
76.7,Developing,9143.128494,87,87,0.758
76.6,Developing,1452.27766,87,87,0.754
76.6,Developing,1298.86766,83,83,0.753
76.3,Developing,982.532572,99,99,0.748
76.1,Developing,9834.472689,97,97,0.745
75.6,Developing,8959.581416,95,95,0.739
75.7,Developing,7748.12331,95,95,0.738
75.6,Developing,9689.52887,96,96,0.735
76,Developing,933.341687,98,98,0.731
75.8,Developing,8767.92258,98,98,0.723
75.3,Developing,7986.798439,98,98,0.719
75.4,Developing,7199.59665,98,98,0.714
75,Developing,6751.998987,98,98,0.708
75,Developing,716.8219,98,97,0.703
75,Developing,731.378864,97,97,0.7
74.8,Developing,672.92113,97,97,0.694
68.8,Developing,3944.1839,99,99,0.733
68.4,Developing,4181.583321,99,99,0.729
68.1,Developing,4385.379355,98,98,0.72
67.8,Developing,4368.82248,99,99,0.712
67.3,Developing,3769.595255,99,99,0.701
66.3,Developing,265.353659,96,96,0.693
66.9,Developing,1717.898761,96,95,0.686
67.4,Developing,2139.625631,95,96,0.673
65.9,Developing,1634.81431,99,95,0.661
65,Developing,1334.651896,98,99,0.649
64.5,Developing,998.8226671,99,99,0.637
64,Developing,797.8377432,99,99,0.621
64,Developing,646.561295,98,98,0.609
63.8,Developing,571.51883,98,98,0.599
63.2,Developing,524.145924,95,95,0.588
62.8,Developing,474.2133361,94,94,0.582
76.1,Developing,6461.192554,89,89,0.804
75.9,Developing,7378.345289,91,91,0.803
75.8,Developing,7186.429787,94,94,0.799
75.6,Developing,6586.71929,94,94,0.797
75.4,Developing,7318.742449,95,95,0.792
75.3,Developing,6682.281158,93,94,0.787
75,Developing,6698.79439,91,92,0.785
74.6,Developing,7325.73474,95,95,0.774
74.2,Developing,5957.145693,92,92,0.762
73.8,Developing,4383.59597,9,9,0.751
74.3,Developing,2847.285569,99,99,0.645
74.1,Developing,3154.513484,99,99,0.64
73.9,Developing,3111.762887,99,99,0.634
73.6,Developing,294.746728,99,99,0.623
73.3,Developing,339.91616,98,99,0.612
72.8,Developing,2834.2472,99,99,0.603
72.3,Developing,2861.5545,99,99,0.596
71.8,Developing,2884.94776,99,99,0.589
71.4,Developing,2494.353552,95,95,0.581
71,Developing,2191.478567,97,97,0.575
77,Developing,213.755559,98,98,0.569
72,Developing,1948.812275,97,97,0.561
69.9,Developing,1721.973863,91,91,0.551
69.5,Developing,1413.757176,94,94,0.54
69,Developing,1336.775376,93,96,0.53
68.6,Developing,1332.382358,95,95,0.519
57.6,Developing,528.3125597,8,8,0.414
56.7,Developing,623.2871141,79,79,0.409
55.3,Developing,65.985681,78,78,0.405
54.8,Developing,566.513873,73,76,0.4
54.3,Developing,526.5313517,73,76,0.397
54,Developing,419.2258149,73,74,0.39
53.8,Developing,463.852618,74,74,0.382
53.2,Developing,53.127719,74,75,0.372
52.1,Developing,422.1461573,75,75,0.36
51.2,Developing,385.7567141,73,78,0.353
58,Developing,369.1545359,71,8,0.341
54,Developing,336.3318145,69,83,0.332
51,Developing,283.8911588,67,85,0.318
49.8,Developing,262.884551,76,76,0.311
49.5,Developing,256.4414872,72,73,0.298
49,Developing,277.6486591,69,7,0.291
66.6,Developing,1194.59137,89,89,0.552
66.4,Developing,1262.893782,88,88,0.547
66.2,Developing,1168.83947,76,75,0.54
65.9,Developing,1171.58257,87,84,0.533
65.6,Developing,1186.423937,9,84,0.526
65.4,Developing,987.7365832,9,9,0.515
65.2,Developing,741.777116,9,9,0.504
59.2,Developing,643.951373,85,85,0.493
64.5,Developing,41.451,84,86,0.484
64.2,Developing,296.97284,82,82,0.474
63.9,Developing,247.24276,86,73,0.465
63.5,Developing,219.8156688,92,82,0.455
63.2,Developing,219.782326,86,78,0.445
62.8,Developing,143.77651,84,79,0.435
62.5,Developing,138.9249275,77,73,0.427
62.1,Developing,193.187484,88,82,0.417
65.8,Developing,4737.66996,92,92,0.637
65.9,Developing,5421.343953,88,88,0.632
66.1,Developing,5488.131712,89,89,0.625
65.8,Developing,5749.44752,84,84,0.619
64.3,Developing,56.971392,85,82,0.612
63,Developing,5191.58381,83,83,0.604
62.4,Developing,4153.497885,83,83,0.598
61.7,Developing,429.6561,83,83,0.589
60,Developing,422.51968,81,86,0.578
57,Developing,3881.29535,74,86,0.57
55.1,Developing,3573.146387,86,86,0.565
54.7,Developing,3288.257373,81,81,0.559
55,Developing,2482.36862,82,79,0.554
55.7,Developing,1713.47594,78,77,0.556
56.5,Developing,1834.29486,79,78,0.556
57.4,Developing,257.99557,8,79,0.559
69.2,Developing,743.7653489,9,91,0.555
69.6,Developing,76.2386977,92,92,0.551
69.3,Developing,688.6172788,92,92,0.545
68.9,Developing,681.7925868,9,9,0.538
68.4,Developing,692.1166842,92,92,0.529
68,Developing,592.1835216,83,82,0.515
67.5,Developing,48.7299,93,89,0.502
67,Developing,473.844449,82,82,0.492
66.6,Developing,393.8843518,82,82,0.486
66,Developing,348.6314534,91,89,0.476
65.4,Developing,317.89198,78,75,0.469
64.7,Developing,287.4156,8,8,0.463
64.3,Developing,253.72412,76,78,0.457
63.1,Developing,246.375621,72,72,0.447
63.2,Developing,248.6183539,73,72,0.446
62.5,Developing,231.42554,74,74,0.439
81.9,Developed,44292.88473,95,95,0.923
81.7,Developed,52157.4687,96,96,0.923
81.4,Developed,51574.48942,97,97,0.922
81.1,Developed,49474.7561,97,97,0.921
81.1,Developed,5354.6536,97,97,0.911
88,Developed,5338.25483,97,97,0.906
86,Developed,519.349,97,97,0.906
83,Developed,56928.8248,97,97,0.905
82,Developed,51241.31562,97,97,0.899
79.8,Developed,44453.97119,96,96,0.893
79.4,Developed,41577.169,96,96,0.888
79.2,Developed,39954.64222,98,98,0.885
78.7,Developed,35245.1647,98,98,0.881
78.4,Developed,28817.32321,97,97,0.882
78.3,Developed,26584.12169,97,97,0.878
78.1,Developed,25921.12794,97,97,0.873
81.6,Developed,3821.8937,92,92,0.913
81.5,Developed,4453.24673,93,93,0.91
81.3,Developed,42889.88141,92,92,0.908
81.1,Developed,3997.25624,93,93,0.904
86,Developed,38426.5581,95,95,0.901
89,Developed,33691.34837,93,93,0.899
85,Developed,282.94193,92,92,0.895
81,Developed,31287.77865,89,89,0.894
81,Developed,3259.73471,88,88,0.891
79.9,Developed,2667.86452,89,89,0.888
79.9,Developed,2775.89515,89,89,0.886
79.2,Developed,2542.39935,87,89,0.884
79.1,Developed,21913.7817,86,9,0.881
78.7,Developed,16874.31232,84,9,0.873
78.5,Developed,13882.85683,82,9,0.868
78.6,Developed,13641.1272,82,9,0.864
74.8,Developing,295.966488,99,98,0.642
74.5,Developing,1975.46477,99,98,0.636
73.9,Developing,1847.19849,99,98,0.63
73.9,Developing,1792.3845,99,98,0.625
74.5,Developing,1682.957924,99,98,0.62
73.2,Developing,1526.497938,99,98,0.614
73.2,Developing,1464.497754,99,98,0.613
72.5,Developing,1518.85386,97,97,0.607
72.5,Developing,1344.31871,93,93,0.601
73,Developing,124.992617,88,88,0.597
71.2,Developing,1175.116225,87,86,0.592
71,Developing,191.55157,8,79,0.587
76,Developing,115.565314,86,86,0.583
75,Developing,11.147277,85,85,0.577
73,Developing,143.6758,89,87,0.57
73,Developing,116.2743,85,83,0.562
61.8,Developing,358.99731,65,65,0.351
61.4,Developing,43.646498,67,68,0.345
69,Developing,416.14838,56,67,0.341
63,Developing,391.515524,71,71,0.331
59.4,Developing,375.5819866,4,75,0.323
58.2,Developing,348.151511,75,7,0.312
57.1,Developing,341.2894618,71,71,0.307
56,Developing,354.8185998,68,67,0.298
55.2,Developing,292.55962,57,57,0.293
54.5,Developing,258.463873,52,51,0.286
53.7,Developing,25.383731,46,45,0.278
52.9,Developing,232.5661574,45,43,0.27
52.1,Developing,215.8548,44,41,0.266
51.4,Developing,177.828384,43,39,0.261
56,Developing,165.257247,42,36,0.255
50,Developing,158.455972,41,34,0.253
54.5,Developing,2655.157977,49,49,0.525
53.6,Developing,3221.678128,49,49,0.521
53.2,Developing,2996.96432,46,46,0.514
52.7,Developing,2755.297787,42,42,0.507
52.3,Developing,2527.9423,48,48,0.5
52,Developing,2327.3267,54,54,0.492
51.6,Developing,197.661422,66,63,0.487
59,Developing,1383.893354,6,53,0.481
55,Developing,1136.829645,54,42,0.477
49.8,Developing,119.743286,46,4,0.466
49.2,Developing,87.8938738,45,36,0.463
48.5,Developing,648.815852,43,33,0.445
48.1,Developing,512.65719,42,29,0
47.7,Developing,459.4572117,4,25,0
47.4,Developing,351.7996666,36,27,0
47.1,Developing,379.1193264,31,29,0
81.8,Developed,7455.24654,95,95,0.948
81.6,Developed,975.49856,93,93,0.945
81.5,Developed,1291.435,94,94,0.942
81.3,Developed,11563.727,95,95,0.941
81.1,Developed,1574.9861,94,94,0.939
81,Developed,87646.75346,93,93,0.936
89,Developed,817.77681,94,94,0.936
86,Developed,9688.5961,94,94,0.936
85,Developed,85128.65759,93,93,0.934
84,Developed,74114.69715,94,94,0.931
81,Developed,66775.3944,91,91,0.929
79.8,Developed,5757.26916,92,92,0.924
79.4,Developed,5111.65445,92,92,0.918
78.9,Developed,4361.1538,93,93,0.916
78.8,Developed,38549.58934,91,91,0.917
78.5,Developed,38146.71539,91,9,0.911
76.6,Developing,16627.36433,99,99,0.795
76.4,Developing,2458.45226,99,99,0.796
76.2,Developing,21268.7564,99,98,0.796
76,Developing,22134.916,99,98,0.797
75.8,Developing,2986.36,99,99,0.797
75.6,Developing,1928.74739,99,99,0.797
75.4,Developing,16784.34616,96,98,0.782
75.2,Developing,2275.3536,97,99,0.765
74.9,Developing,1585.13226,97,99,0.753
74.7,Developing,1448.55,98,98,0.748
74.3,Developing,12376.97936,99,99,0.742
74,Developing,1129.2888600000001,99,99,0.734
73.6,Developing,969.8126,99,99,0.725
73.3,Developing,8629.11774,99,99,0.716
72.9,Developing,8476.61511,99,99,0.705
72.6,Developing,861.18596,99,99,0
66.4,Developing,1431.244865,72,72,0.548
66.2,Developing,1316.98966,72,72,0.542
66,Developing,1272.44161,72,72,0.538
65.7,Developing,1261.28967,72,72,0.529
65.5,Developing,1226.215314,75,74,0.525
65.1,Developing,14.142268,82,82,0.521
64.8,Developing,16.63999,7,71,0.514
64.6,Developing,139.31288,7,62,0.513
64.4,Developing,95.4327931,75,75,0.505
64.2,Developing,873.772727,77,78,0.501
62.9,Developing,711.4699463,78,77,0.487
63.7,Developing,649.848233,65,65,0.474
63.5,Developing,563.594342,69,67,0.465
63.2,Developing,499.8633,71,68,0.457
63,Developing,51.6568157,68,65,0.45
62.8,Developing,533.8624114,65,62,0.445
77.8,Developing,13134.4367,72,73,0.785
77.6,Developing,12593.7374,8,8,0.78
77.5,Developing,11685.97983,81,8,0.773
77.2,Developing,1589.82713,87,85,0.765
77.3,Developing,927.723171,91,87,0.758
76.5,Developing,7937.259931,95,94,0.756
76.8,Developing,7429.628274,85,85,0.755
76.5,Developing,6973.9284,86,86,0.75
76.4,Developing,668.8667,84,85,0.743
76.2,Developing,5348.518399,98,88,0.744
75.8,Developing,4916.54886,88,92,0.74
75.8,Developing,4591.892776,92,95,0.733
75.5,Developing,4267.13578,95,98,0.728
75.7,Developing,4126.14671,99,99,0.725
75.5,Developing,446.372833,95,99,0.721
75.7,Developing,46.29935,99,98,0.716
62.7,Developing,2182.716565,64,73,0.511
62.4,Developing,229.95364,8,79,0.506
62.2,Developing,271.318741,81,74,0.501
62,Developing,177.867119,69,72,0.494
61.8,Developing,1366.879112,72,67,0.485
61.6,Developing,1166.66337,79,73,0.477
61.4,Developing,1178.72469,76,63,0.469
61.1,Developing,956.668952,72,71,0.461
68,Developing,854.346921,67,72,0.454
64,Developing,77.5773486,61,72,0.446
59.9,Developing,637.3616215,59,62,0.439
59.6,Developing,588.3582595,62,68,0.433
59.3,Developing,511.665773,54,61,0.428
59.1,Developing,539.41528,52,55,0.422
58.9,Developing,631.9468526,51,59,0.418
74,Developing,419.367724,89,93,0.692
73.9,Developing,4712.822736,83,87,0.688
73.8,Developing,4479.95858,8,86,0.679
73.6,Developing,3855.537735,83,87,0.679
73.4,Developing,3988.11894,84,89,0.675
73.2,Developing,3225.591754,85,89,0.664
73,Developing,2599.596259,81,85,0.663
72.7,Developing,359.992184,85,89,0.654
72.5,Developing,2312.192926,95,95,0.649
72.3,Developing,189.71539,98,98,0.648
72.1,Developing,157.145691,96,96,0.646
71.9,Developing,148.527976,92,92,0.639
71.7,Developing,1174.779347,86,86,0.642
71.5,Developing,1148.229882,87,87,0.632
71.2,Developing,1417.26582,9,89,0.624
79,Developing,1545.626423,86,86,0.625
75.5,Developing,63.343259,88,9,0.737
75.3,Developing,6491.5245,78,88,0.735
75.3,Developing,6583.116248,71,88,0.731
74.9,Developing,6387.785281,94,95,0.725
74.5,Developing,5771.565878,91,91,0.721
73.7,Developing,522.493191,92,93,0.708
73.8,Developing,4166.93387,92,93,0.706
73.9,Developing,428.87811,93,93,0.7
74,Developing,3611.2147,93,93,0.696
74.2,Developing,3171.49856,94,94,0.693
72.8,Developing,2754.7829,66,77,0.692
72.2,Developing,2448.143899,81,86,0.685
72.1,Developing,218.25997,95,94,0.686
72.6,Developing,259.192958,95,95,0.686
72.4,Developing,1981.243653,9,9,0.677
71.4,Developing,1996.719689,93,98,0.674
68.5,Developing,2878.33837,79,6,0.679
68.4,Developing,2842.938353,77,67,0.676
68.1,Developing,276.289146,84,89,0.671
68.1,Developing,2581.818554,88,88,0.666
68,Developing,2352.518156,87,87,0.669
67.9,Developing,2129.499242,78,79,0.662
68,Developing,1825.341521,86,87,0.661
67.5,Developing,1919.466195,91,91,0.655
67.5,Developing,1672.685433,87,87,0.648
67.3,Developing,1391.772325,88,88,0.646
67,Developing,1194.697155,9,89,0.642
67.3,Developing,179.3715,85,88,0.636
67.2,Developing,11.553196,85,84,0.631
66.8,Developing,1.68135,77,79,0.625
66.8,Developing,957.287441,76,79,0.622
66.8,Developing,138.91977,74,78,0.618
77.5,Developed,12565.9876,92,98,0.852
77.3,Developed,14341.675,94,98,0.85
77.1,Developed,1378.54911,95,99,0.838
76.8,Developed,13145.1484,95,99,0.834
76.7,Developed,13893.187679999999,96,99,0.829
76.3,Developed,12599.52486,96,99,0.822
75.7,Developed,11527.59323,96,99,0.818
75.5,Developed,141.44688,96,99,0.813
75.3,Developed,1126.31852,99,99,0.808
75.2,Developed,94.7726,99,99,0.803
75,Developed,821.251569,99,99,0.797
74.9,Developed,6681.178818,99,99,0.8
74.7,Developed,5693.52416,98,99,0.796
74.5,Developed,5196.932921,98,99,0.79
74.2,Developed,4981.198619,98,98,0.784
73.7,Developed,4492.72764,98,98,0.777
81.1,Developed,1922.681,98,98,0.841
89,Developed,2277.53613,98,98,0.837
86,Developed,21618.73534,98,98,0.827
83,Developed,2577.4264,98,98,0.824
82,Developed,23196.18375,97,97,0.818
79.6,Developed,22538.6548,97,98,0.812
79.3,Developed,2363.97161,96,96,0.809
79,Developed,24815.6884,97,97,0.804
78.7,Developed,2278.5845,96,97,0.797
78.5,Developed,19821.44463,97,97,0.793
77.7,Developed,18784.9485,93,93,0.79
78,Developed,1845.5881,95,95,0.792
77.3,Developed,15772.7334,96,99,0.789
77.2,Developed,12882.28897,96,98,0.788
76.9,Developed,11729.14616,96,97,0.782
76.6,Developed,1152.39681,96,96,0.777
78.2,Developing,66346.52267,99,99,0.855
78.1,Developing,86852.7119,99,89,0.854
77.9,Developing,8834.87958,99,97,0.843
77.8,Developing,88564.82298,93,92,0.837
77.5,Developing,85948.746,92,93,0.827
77.3,Developing,736.22784,98,97,0.825
77,Developing,61478.23813,98,99,0.828
76.8,Developing,82967.37228,98,97,0.825
76.7,Developing,675.61258,97,94,0.83
76.6,Developing,6256.55926,95,96,0.835
76.6,Developing,51488.49529,98,97,0.83
76.6,Developing,41818.35256,95,96,0.826
76.5,Developing,34176.98183,93,92,0.815
76.4,Developing,2999.65492,96,96,0.807
76.3,Developing,2843.63635,93,93,0.809
76.2,Developing,29986.2915,91,8,0.808
75,Developed,8958.788593,89,89,0.798
74.8,Developed,12.27733,94,94,0.797
74.6,Developed,9585.266593,88,92,0.794
74.4,Developed,8558.39766,92,91,0.797
74.3,Developed,92.277825000000007,89,89,0.798
73.4,Developed,8297.483621,94,94,0.797
73.1,Developed,822.18329,95,95,0.795
73.1,Developed,1136.47356,95,96,0.78
72.9,Developed,8214.185378,96,96,0.766
72.5,Developed,5828.745662,97,97,0.755
71.9,Developed,4676.315183,97,97,0.745
71.7,Developed,3552.92452,97,97,0.733
71.1,Developed,2774.95586,97,97,0.722
77,Developed,2124.873613,98,98,0.714
78,Developed,1839.72945,99,99,0.708
77,Developed,1668.162731,99,99,0.703
75,Developing,9329.298351,97,97,0.805
73,Developing,14125.961,97,97,0.803
70,Developing,15543.67653,98,97,0.799
69.6,Developing,15154.45687,98,97,0.792
69.4,Developing,14212.687,97,97,0.785
68.4,Developing,1674.98771,98,97,0.773
68.2,Developing,8562.89598,98,98,0.776
67.5,Developing,11635.2637,98,98,0.769
67.3,Developing,911.25385000000006,98,98,0.761
66.4,Developing,692.194398,98,98,0.754
65,Developing,5323.473877,98,98,0.748
64.9,Developing,412.372294,98,97,0.741
64.6,Developing,2975.132778,97,96,0.733
64.8,Developing,2375.5944,97,97,0.727
65.1,Developing,21.362386,97,96,0.72
65,Developing,1771.58662,97,96,0.709
66.1,Developing,71.348397,99,98,0.493
65.7,Developing,76.5699517,98,98,0.488
65.2,Developing,688.8768557,98,98,0.485
64.6,Developing,678.796973,98,98,0.475
63.8,Developing,617.317648,93,97,0.464
62.8,Developing,563.491487,93,97,0.454
61,Developing,539.1538211,93,97,0.447
68,Developing,5.6687264,97,97,0.438
59.6,Developing,44.853339,98,97,0.424
57.6,Developing,342.3656294,99,99,0.404
55.3,Developing,287.931877,95,95,0.388
53.4,Developing,236.9114381,89,89,0.371
52,Developing,212.6619491,96,96,0.359
57,Developing,196.59778,85,88,0.343
48.6,Developing,21.569654,76,77,0.332
48.3,Developing,216.172747,9,9,0.318
74,Developing,4149.363444,61,66,0.702
73.8,Developing,4178.973369,58,63,0.701
73.6,Developing,4219.65123,62,67,0.7
73.2,Developing,4234.554443,62,64,0.698
73,Developing,3942.9827,6,65,0.693
72.6,Developing,3453.487434,57,62,0.69
76,Developing,335.112838,45,49,0.691
72.5,Developing,359.82223,54,26,0.688
72.2,Developing,322.543121,49,53,0.682
72,Developing,287.963899,37,39,0.677
71.6,Developing,2571.262348,55,49,0.671
71.4,Developing,2351.33814,26,55,0.665
79,Developing,197.29417,82,83,0.659
76,Developing,1631.41727,85,86,0.653
75,Developing,1555.47451,83,85,0.645
72,Developing,154.68923,94,95,0.64
67.5,Developing,1624.63963,96,96,0.565
67.3,Developing,1821.878734,95,95,0.562
67.1,Developing,1619.532678,97,97,0.559
66.9,Developing,138.949959,96,96,0.553
66.6,Developing,134.326189,96,96,0.546
66.2,Developing,1129.754961,98,98,0.542
65.8,Developing,199.57146,99,98,0.533
65.4,Developing,1126.46212,99,99,0.531
65.1,Developing,894.927988,98,97,0.527
64.7,Developing,843.89447,97,97,0.521
64.3,Developing,81.86157,97,97,0.514
63.8,Developing,693.345683,99,96,0.509
63.4,Developing,649.342153,94,94,0.504
63.1,Developing,555.8185378,92,92,0.501
62.8,Developing,51.216381,9,92,0.497
74.5,Developing,2732.86172,97,98,0.845
74.4,Developing,24575.434,98,98,0.841
74.3,Developing,24934.38614,98,98,0.83
74.1,Developing,2533.9462,98,98,0.818
73.9,Developing,2377.74739,98,98,0.804
73.7,Developing,19259.58726,98,98,0.792
73.4,Developing,1694.2931,98,98,0.787
73.3,Developing,237.83234,98,98,0.779
73.2,Developing,16472.1665,96,96,0.773
73.2,Developing,15334.66994,96,96,0.767
73.1,Developing,13739.82945,96,96,0.761
73.1,Developing,11138.8746,96,96,0.754
73,Developing,9567.458285,95,95,0.747
72.9,Developing,8655.311531,95,95,0.745
72.8,Developing,8643.4944,97,97,0.742
72.6,Developing,9126.954277,95,95,0.737
66.7,Developing,98.7256145,85,89,0.491
66.4,Developing,152.443873,85,89,0.483
66,Developing,148.912351,89,92,0.474
65.6,Developing,136.4518,83,91,0.463
64.9,Developing,18.25321,89,92,0.455
64.3,Developing,11.631377,76,89,0.449
63.5,Developing,12.566464,83,86,0.444
62.8,Developing,11.33678,87,88,0.435
62.1,Developing,95.3978522,93,94,0.425
61.3,Developing,89.838296,89,89,0.422
65,Developing,773.8698713,84,84,0.415
59.7,Developing,733.581811,87,87,0.408
59,Developing,642.7663113,73,73,0.401
58.4,Developing,513.26227,6,6,0.397
57.9,Developing,481.287397,49,52,0.381
57.5,Developing,473.45338,49,52,0.378
75.6,Developing,5237.255334,95,95,0.775
75.4,Developing,62.173221,93,93,0.771
75.3,Developing,6353.826383,97,95,0.766
74.9,Developing,5659.3824,93,91,0.767
74.6,Developing,6423.291783,94,94,0.757
74.4,Developing,5411.87744,91,91,0.755
74.1,Developing,5821.35397,97,95,0.754
74,Developing,671.773913,95,95,0.749
73.8,Developing,5458.121718,93,94,0.743
73.6,Developing,4129.758741,97,92,0.739
73,Developing,3528.1318,98,98,0.73
73,Developing,3331.228766,96,88,0.72
73,Developing,2832.49652,89,89,0.715
72.9,Developing,2149.9944,95,95,0.715
73.1,Developing,1634.87561,93,93,0.709
72.6,Developing,87.1365252,98,95,0.702
73.2,Developing,1539.464,97,97,0.781
73,Developing,1557.77892,99,99,0.766
72.9,Developing,15687.34795,98,98,0.762
72.7,Developing,12845.17363,98,98,0.755
72.6,Developing,12189.9516,99,99,0.744
72.4,Developing,184.68447,99,99,0.74
72.3,Developing,976.9566,99,99,0.739
72.2,Developing,11122.8627,99,99,0.739
72.2,Developing,12154.82994,99,99,0.733
72.2,Developing,1214.39987,99,99,0.728
72.2,Developing,1192.5174,99,99,0.712
72.1,Developing,1176.65871,99,99,0.715
72.1,Developing,8524.961236,99,99,0.713
72.1,Developing,8331.261997,99,99,0.712
72,Developing,7663.1378,96,96,0.714
71.8,Developing,7578.85153,98,98,0
51,Developing,587.538233,86,86,0.431
48.1,Developing,78.4394757,83,83,0.426
54,Developing,71.8186998,92,92,0.413
49.7,Developing,561.8984239,91,91,0.401
48.9,Developing,445.525,88,89,0.392
48.1,Developing,45.128418,84,86,0.384
47.1,Developing,394.5932439,81,84,0.375
46.2,Developing,46.3759178,75,77,0.367
45.3,Developing,358.8274716,63,64,0.357
44.3,Developing,322.313468,65,64,0.348
43.3,Developing,287.6891942,67,65,0.341
42.3,Developing,263.145817,69,65,0.332
41.5,Developing,263.7618312,66,73,0.322
48,Developing,249.939542,54,53,0.306
41,Developing,227.779471,38,38,0.302
39,Developing,139.3147734,46,44,0.292
83.1,Developed,53629.73746,96,96,0.924
82.9,Developed,56336.7234,96,96,0.922
82.7,Developed,5629.18914,97,97,0.92
82.5,Developed,54431.16199,97,97,0.917
82.2,Developed,53166.67581,96,96,0.911
82,Developed,46569.67951,96,96,0.889
81.7,Developed,38577.55822,97,97,0.887
81.4,Developed,39721.4818,97,97,0.88
81.1,Developed,39223.58187,97,97,0.873
87,Developed,33579.85948,95,95,0.839
82,Developed,29869.85398,96,96,0.821
79.7,Developed,2745.27136,95,95,0.82
79.3,Developed,23573.6284,96,96,0.819
79,Developed,2216.83279,94,94,0.818
78.7,Developed,21577.7823,95,96,0.82
78.3,Developed,23792.677,98,98,0.81
88,Developed,2729.86383,95,95,0.888
87,Developed,242.67285999999999,95,95,0.888
85,Developed,2315.31799,95,95,0.878
82,Developed,22486.47167,96,96,0.877
79.8,Developed,24985.24827,96,96,0.876
79.5,Developed,23437.4722,96,96,0.872
79.1,Developed,24633.79785,96,96,0.873
78.9,Developed,2751.8127,97,97,0.869
78.3,Developed,23841.31792,97,97,0.865
78.1,Developed,19726.1265,97,97,0.858
77.5,Developed,18169.1891,95,95,0.853
77.2,Developed,1726.9151,94,94,0.85
76.5,Developed,1488.47154,95,95,0.843
76.6,Developed,11814.9994,93,93,0.835
76.2,Developed,1479.29634,93,92,0.824
76,Developed,1227.73677,93,91,0.818
69.2,Developing,1922.41388,99,98,0.514
68.8,Developing,29.652622,94,88,0.512
68.8,Developing,188.5159,99,94,0.509
68.7,Developing,1858.689868,99,99,0.505
68.5,Developing,1642.837974,99,99,0.497
68.3,Developing,1272.44825,94,9,0.492
68.1,Developing,1158.282672,98,92,0.494
68,Developing,125.79167,94,89,0.489
67.6,Developing,146.931125,93,9,0.482
67.6,Developing,948.6592511,99,99,0.47
67.4,Developing,88.874858,9,89,0.465
67.1,Developing,818.442619,89,9,0.459
66.8,Developing,744.7657423,84,84,0.453
66.5,Developing,784.9562874,78,78,0.446
66.2,Developing,944.81684,88,84,0.442
65.8,Developing,154.518572,88,86,0.455
62.9,Developing,5769.77258,75,75,0.665
62,Developing,6479.625659,77,77,0.66
69,Developing,6876.953821,73,73,0.652
59.2,Developing,7548.163698,65,65,0.644
58.9,Developing,849.954224,69,69,0.638
58,Developing,7362.76139,72,72,0.63
56.5,Developing,5888.6284,75,76,0.622
55.3,Developing,5786.59972,77,79,0.616
54.5,Developing,6125.39984,79,82,0.612
54,Developing,5631.73485,79,82,0.609
53.8,Developing,5414.634326,75,79,0.609
53.7,Developing,4863.51688,73,74,0.611
54,Developing,3775.68275,7,69,0.613
54.9,Developing,2518.398261,7,7,0.62
56,Developing,2681.781,71,71,0.629
57.3,Developing,337.2253,71,73,0.635
57.3,Developing,758.725782,41,31,0.421
56.6,Developing,1151.861715,44,39,0.421
56.4,Developing,1186.11325,5,45,0.417
56,Developing,958.45581,64,59,0.419
55.4,Developing,176.9713,66,61,0.429
82.8,Developed,25683.84565,97,97,0.882
82.6,Developed,296.47225,97,97,0.877
82.4,Developed,2921.9342,96,96,0.874
82,Developed,28562.29324,97,97,0.871
82.1,Developed,31834.21816,97,97,0.867
81.9,Developed,3736.228,97,97,0.86
81.6,Developed,32333.4661,96,96,0.858
81.3,Developed,35578.73619,97,97,0.854
89,Developed,3279.414,96,96,0.849
88,Developed,28482.6948,98,98,0.844
81,Developed,2651.71745,96,96,0.837
81,Developed,24918.64584,97,97,0.833
79.4,Developed,21495.7741,99,98,0.83
79.5,Developed,1719.53541,98,98,0.828
79.4,Developed,15323.6114,95,96,0.825
79.1,Developed,14676.769,95,95,0.82
74.9,Developing,3844.89123,99,99,0.764
74.7,Developing,382.54994,99,99,0.76
74.6,Developing,361.289374,99,99,0.757
74.5,Developing,335.521375,99,99,0.752
74.5,Developing,322.992615,99,99,0.746
74.5,Developing,2819.511161,99,99,0.739
71.8,Developing,216.681584,97,97,0.735
72.3,Developing,254.489192,98,98,0.731
73.7,Developing,1644.816372,98,98,0.725
73.8,Developing,1448.7611,98,98,0.718
74.2,Developing,1259.87591,99,99,0.712
69.1,Developing,174.6692,97,97,0.705
73.9,Developing,989.4547732,98,99,0.697
73.7,Developing,873.1472436,98,98,0.699
72.7,Developing,837.699787,98,98,0.686
71.5,Developing,875.412178,99,99,0.677
64.1,Developing,2513.884661,93,93,0.488
63.8,Developing,2176.89829,94,94,0.485
63.5,Developing,1955.66799,93,93,0.478
63.2,Developing,1892.894352,92,92,0.468
62.7,Developing,1666.857757,93,93,0.463
62.5,Developing,1476.47887,9,9,0.461
62,Developing,1226.884381,81,81,0.456
61.8,Developing,1291.528826,85,86,0.444
61.4,Developing,1115.6952000000001,84,84,0.44
61,Developing,893.8793645,77,78,0.43
67,Developing,679.7539949,78,78,0.423
59.7,Developing,565.569459,74,74,0.415
59.6,Developing,477.738478,69,69,0.409
59.4,Developing,412.1517561,6,6,0.403
58.9,Developing,377.5254454,66,66,0.399
58.6,Developing,361.35843,62,62,0.394
71.6,Developing,8818.982566,89,89,0.723
71.4,Developing,9564.46383,85,85,0.722
71.2,Developing,9484.56898,86,86,0.719
71.3,Developing,9272.413453,84,84,0.708
76,Developing,8318.97692,86,86,0.704
73,Developing,833.31332,96,96,0.7
70,Developing,7443.85178,85,87,0.696
69.8,Developing,6858.163158,85,85,0.691
69.5,Developing,5761.39536,84,84,0.684
69.3,Developing,527.92,84,84,0.678
68.9,Developing,3595.8855,84,83,0.672
68.3,Developing,36.48773,84,85,0
68,Developing,263.1399,74,75,0
67.9,Developing,2232.513244,74,73,0
67.7,Developing,1598.77512,65,68,0
67.4,Developing,1888.61829,7,71,0
58.9,Developing,3136.92511,84,9,0.541
58.4,Developing,3464.35169,98,98,0.541
57.6,Developing,3598.75972,98,98,0.539
56.5,Developing,3851.51547,92,95,0.534
55,Developing,3934.27325,85,91,0.526
53.6,Developing,369.239336,89,89,0.523
52.6,Developing,332.517125,89,88,0.519
51.4,Developing,2842.438422,89,88,0.514
50,Developing,347.48798,88,87,0.508
47.8,Developing,2937.36723,88,87,0.502
46,Developing,2873.862141,88,86,0.495
45.6,Developing,2529.633557,88,86,0.492
45.9,Developing,22.99449,87,85,0.493
46.4,Developing,1324.996228,87,85,0.502
47.1,Developing,1437.634951,87,84,0.506
48.4,Developing,1637.4567,87,84,0.516
82.4,Developed,5585.25847,98,98,0.909
82.3,Developed,5918.19898,98,98,0.906
81.9,Developed,6283.24522,98,98,0.904
81.7,Developed,57134.777,98,98,0.903
81.7,Developed,59593.28711,98,98,0.901
81.5,Developed,5276.25591,98,98,0.895
81.4,Developed,4627.592,98,98,0.898
81.1,Developed,55746.84238,98,98,0.897
89,Developed,53324.37937,98,98,0.895
88,Developed,46256.4716,98,98,0.892
85,Developed,4385.35315,98,98,0.89
83,Developed,42442.2245,99,99,0.888
82,Developed,36961.42537,99,99,0.882
79.9,Developed,29571.7446,99,99,0.88
79.8,Developed,26969.24457,99,99,0.877
79.6,Developed,29283.55,99,99,0.873
83.4,Developed,8989.8424,97,97,0.938
83.2,Developed,85814.58857,96,96,0.936
83,Developed,84658.88768,96,96,0.934
82.7,Developed,83164.38795,96,96,0.932
82.6,Developed,87998.44468,96,96,0.932
82.3,Developed,74276.71842,96,95,0.92
82.1,Developed,69672.471,96,95,0.916
82,Developed,72119.5687,96,95,0.914
81.7,Developed,63223.46778,94,94,0.911
81.5,Developed,57348.92788,94,94,0.904
81.1,Developed,54797.54663,94,94,0.899
81,Developed,53255.97631,95,93,0.895
85,Developed,4796.56497,95,93,0.889
84,Developed,41336.72192,95,93,0.89
82,Developed,38538.64447,95,93,0.888
79.7,Developed,37813.23426,95,93,0.879
73.8,Developing,258.3529,83,8,0.644
73.7,Developing,1762.24617,83,8,0.636
73.5,Developing,1577.457182,83,8,0.624
73.2,Developing,148.852738,84,81,0.61
73,Developing,1253.39143,85,83,0.599
72.8,Developing,1263.13455,86,84,0.596
72.7,Developing,1258.421953,83,82,0.589
72.6,Developing,1177.629268,86,84,0.588
69.7,Developing,918.6771543,96,96,0.625
69.6,Developing,114.45919,94,97,0.622
69.3,Developing,14.214412,97,96,0.617
68.8,Developing,954.725253,96,94,0.613
68.1,Developing,834.5412953,97,96,0.608
67.3,Developing,738.3475227,95,93,0.603
66.7,Developing,666.3458569,93,93,0.601
66.4,Developing,76.914128,87,86,0.592
66.1,Developing,52.35956,85,86,0.586
65.9,Developing,44.2872665,76,83,0.579
65.5,Developing,337.359236,79,84,0.572
65.9,Developing,39.281834,82,86,0.563
65.2,Developing,236.314438,82,85,0.553
64.3,Developing,189.3878519,84,85,0.543
64,Developing,17.8159721,84,85,0.535
63.7,Developing,138.436633,86,83,0.529
74.9,Developing,5814.863134,99,99,0.738
74.6,Developing,5941.8471,99,99,0.737
74.5,Developing,6171.262444,99,99,0.733
74.3,Developing,5859.915622,99,99,0.729
74.1,Developing,5491.159981,99,99,0.72
73.9,Developing,575.32176,99,99,0.711
73.7,Developing,4212.5492,99,99,0.706
73.5,Developing,4378.68746,99,99,0.7
73.3,Developing,3972.26475,98,98,0.687
73,Developing,3368.952576,98,98,0.686
72.5,Developing,2893.651356,98,98,0.682
71.6,Developing,2659.83918,98,98,0.674
71.7,Developing,2358.93629,98,98,0.666
71.4,Developing,296.54617,97,96,0.657
71.2,Developing,1893.145377,97,96,0.649
71.1,Developing,27.564826,97,97,0.64
68.3,Developing,1161.76935,75,76,0.603
68,Developing,1153.51578,76,77,0.612
67.7,Developing,117.765674,82,82,0.62
67.4,Developing,1117.77724,83,83,0.618
67.2,Developing,114.56179,66,67,0.607
66.9,Developing,849.8626972,72,72,0.599
66.6,Developing,757.3114436,78,72,0.599
66.2,Developing,643.71911,79,79,0.566
65.8,Developing,524.8959363,7,7,0.541
64.9,Developing,441.53226,62,63,0.511
63.7,Developing,478.331859,55,55,0.492
62.3,Developing,467.5438297,57,57,0.484
61,Developing,471.4565823,55,55,0.485
62,Developing,48.61552,38,54,0.475
59.9,Developing,551.138346,88,88,0.484
59.7,Developing,62.1318489,85,87,0.475
59.4,Developing,579.43485,84,84,0.47
58.9,Developing,563.6894247,84,84,0.464
58.3,Developing,562.3393592,85,85,0.457
57.4,Developing,487.9238913,83,83,0.449
56.7,Developing,499.6468713,78,78,0.442
56.2,Developing,513.391914,8,81,0.441
55.9,Developing,42.764743,72,82,0.443
55.7,Developing,377.33629,85,84,0.436
55,Developing,372.1721837,8,82,0.435
54.9,Developing,349.9937253,71,71,0.432
54.7,Developing,31.437144,72,72,0.428
54.7,Developing,28.832123,58,59,0.428
54.6,Developing,26.6394652,51,5,0.426
54.6,Developing,26.3932935,63,64,0.425
73.5,Developing,493.775387,8,78,0.718
73.3,Developing,4192.349758,82,8,0.716
73.2,Developing,4266.557174,84,82,0.718
73,Developing,451.542462,79,77,0.717
72.9,Developing,445.18866,84,82,0.712
72.8,Developing,3547.59975,84,82,0.707
72.5,Developing,37.846563,86,84,0.703
72.6,Developing,3392.64743,88,86,0.698
72.5,Developing,2932.315883,88,87,0.698
72.4,Developing,2892.522663,89,88,0.695
72.3,Developing,2594.74999,9,89,0.694
72.2,Developing,2284.37858,91,9,0.693
72,Developing,229.714718,91,9,0.683
71.9,Developing,1842.44421,85,84,0.679
71.8,Developing,1837.977391,91,89,0.674
71.6,Developing,263.27236,91,91,0.676
71.2,Developing,17321.83373,88,96,0.779
71.1,Developing,19325.24283,94,92,0.778
71,Developing,1967.83283,94,92,0.773
78,Developing,19152.531,91,92,0.772
76,Developing,1953.9767,91,9,0.774
74,Developing,16683.94578,91,9,0.772
71,Developing,1458.8796,9,9,0.773
69.9,Developing,21188.11857,91,9,0.767
69.7,Developing,1653.1844,9,88,0.76
69.6,Developing,1495.96337,89,92,0.751
69.5,Developing,12323.1275,95,95,0.745
69.4,Developing,129.51914,94,94,0.736
69.3,Developing,884.518666,91,91,0.729
69.2,Developing,749.626612,96,96,0.721
69.1,Developing,6935.721451,91,91,0.715
69.1,Developing,643.947262,9,9,0.709
75.3,Developing,3828.91589,98,98,0.723
75.1,Developing,4271.68172,98,98,0.722
74.9,Developing,4199.47253,98,98,0.72
74.9,Developing,4137.55421,97,97,0.717
74.8,Developing,4256.91279,98,98,0.714
74.8,Developing,414.15177,98,98,0.71
74.7,Developing,4129.977335,99,99,0.706
74.7,Developing,431.9326,99,99,0.701
74.6,Developing,3778.184171,98,98,0.695
74.4,Developing,3371.71231,99,99,0.689
74.2,Developing,3194.562243,98,98,0.683
74,Developing,3112.83529,97,97,0.673
73.7,Developing,2761.969249,95,95,0.667
73.5,Developing,2346.5937,96,96,0.662
73.2,Developing,2254.933126,98,98,0.654
72.9,Developing,2213.91488,97,97,0.646
75.8,Developing,1979.52569,97,97,0.764
75.5,Developing,12127.22522,96,96,0.759
75.2,Developing,12542.93565,98,98,0.754
74.8,Developing,1172.3843,97,97,0.75
74.5,Developing,11341.13395,97,97,0.737
74.2,Developing,1672.5693,97,97,0.715
73.9,Developing,936.499911,96,96,0.709
73.5,Developing,185.68975,96,96,0.705
73.2,Developing,979.49246,96,96,0.697
72.8,Developing,834.869161,9,9,0.687
72.4,Developing,7384.354661,9,9,0.681
72,Developing,64.72953,85,85,0.675
71.6,Developing,4718.51291,69,68,0.668
71.2,Developing,366.57,78,78,0.658
78,Developing,3119.63716,88,88,0.653
74,Developing,4316.553895,85,85,0.641
66.3,Developing,6432.6687679999995,99,99,0.688
66,Developing,7962.365824,98,98,0.683
65.4,Developing,734.42525,98,98,0.678
65.6,Developing,6675.262954,98,97,0.672
65.6,Developing,5649.978486,97,97,0.665
65.8,Developing,4439.23,96,96,0
65.6,Developing,436.459223,97,96,0
64.5,Developing,394.467675,96,96,0
64.1,Developing,26.371428,98,98,0
63.7,Developing,2136.66815,98,98,0
63.3,Developing,174.51475,99,99,0
63.5,Developing,1453.917166,98,97,0
63.4,Developing,1283.885977,66,83,0
63.3,Developing,967.917468,99,98,0
64,Developing,774.4763388,94,95,0
63.8,Developing,643.17518,98,97,0
62.3,Developing,693.8963829,82,78,0.488
61.5,Developing,719.172669,82,78,0.483
67,Developing,662.492293,82,78,0.478
60,Developing,647.74741,82,78,0.477
59.3,Developing,584.3962137,82,82,0.477
58.4,Developing,594.9972557,79,8,0.473
57.5,Developing,647.17732,78,79,0.464
56.3,Developing,449.6928183,69,71,0.453
55.5,Developing,41.858631,7,73,0.442
54.9,Developing,336.4593923,62,64,0.434
53.2,Developing,315.788227,59,64,0.429
51.3,Developing,288.236949,58,62,0.427
51,Developing,237.9995917,57,59,0.418
48.8,Developing,24.2423229,57,57,0.404
47.7,Developing,234.984775,56,55,0.396
46.6,Developing,257.63369,55,52,0.382
71.3,Developing,2124.662666,51,23,0.748
78,Developing,314.658296,45,23,0.746
71,Developing,429.71554,72,76,0.744
77,Developing,3855.42128,72,76,0.739
75,Developing,3569.75727,54,5,0.734
69.8,Developing,2965.142365,57,52,0.728
69.2,Developing,2545.48341,74,71,0.734
67.7,Developing,3891.37823,91,9,0.73
67.5,Developing,368.68998,98,98,0.723
67.7,Developing,233.18831,99,98,0.716
67,Developing,1828.717626,95,96,0.707
67.4,Developing,1367.352433,99,99,0.7
67.6,Developing,148.522488,99,97,0.691
67.6,Developing,879.475486,99,99,0.683
67.7,Developing,78.738243,99,99,0.673
67.5,Developing,635.789635,99,99,0.669
77.1,Developing,3911.74689,99,99,0.836
76.9,Developing,44449.7435,99,99,0.832
76.7,Developing,4335.64268,98,98,0.829
76.5,Developing,42112.23565,96,96,0.826
76.3,Developing,4462.3129,95,95,0.824
76.2,Developing,3549.14832,94,94,0.826
76,Developing,3372.57517,94,93,0.831
75.8,Developing,45758.9554,94,92,0.829
75.6,Developing,42672.61323,94,92,0.826
75.4,Developing,42372.22166,94,92,0.823
75.3,Developing,39439.8197,94,94,0.818
75.1,Developing,36161.1761,94,94,0.813
74.9,Developing,3323.52318,94,94,0.808
74.7,Developing,31311.35936,94,94,0.803
74.5,Developing,3161.52935,94,94,0.798
74.2,Developing,3371.26869,94,94,0.791
77,Developing,15524.84247,95,95,0.794
76.8,Developing,16737.89827,95,95,0.791
76.8,Developing,16881.2568,94,94,0.788
76.5,Developing,1592.6819,95,95,0.784
77,Developing,14166.4998,95,95,0.78
76.3,Developing,11938.212,95,95,0.777
76.6,Developing,9415.17386,95,95,0.774
76.4,Developing,962.312164,94,94,0.77
75.4,Developing,79.69746,94,94,0.76
76.2,Developing,5877.87678,95,95,0.756
75.7,Developing,522.951116,96,96,0.753
75.4,Developing,4117.38853,95,94,0.75
75.4,Developing,3622.52284,91,91,0.747
75.4,Developing,488.768855,93,95,0.746
75.2,Developing,6281.37747,94,94,0.742
75.1,Developing,6871.897677,92,9,0.738
69.4,Developing,2137.576852,99,99,0.697
69.2,Developing,25.448414,99,99,0.69
69.1,Developing,197.551233,99,99,0.681
68.8,Developing,174.468298,99,99,0.673
68.5,Developing,1564.966945,99,99,0.664
68.3,Developing,1377.8214,99,99,0.657
68,Developing,1213.265328,99,98,0.651
67.9,Developing,182.28625,98,98,0.644
67.8,Developing,83.476942,98,96,0.631
67.6,Developing,654.2838373,94,96,0.626
67.3,Developing,546.776852,99,99,0.62
67.8,Developing,465.1198869,99,99,0.613
67.2,Developing,396.129969,99,98,0.607
67.1,Developing,383.3494997,99,99,0.6
67.4,Developing,456.734892,99,99,0.594
67.1,Developing,558.221144,99,99,0
72,Developing,285.83414,65,64,0.598
71.7,Developing,3148.36513,65,64,0.596
71.6,Developing,3167.34356,65,64,0.591
71.4,Developing,3158.58688,65,64,0.592
71.2,Developing,3275.91684,65,65,0.591
71,Developing,2965.82434,66,65,0.59
78,Developing,2643.441423,66,66,0.589
75,Developing,2697.961375,66,67,0.582
73,Developing,2393.367265,67,67,0.579
71,Developing,247.97823,67,68,0.572
69.9,Developing,1886.433359,67,68,0
69.6,Developing,1787.94723,67,69,0
69.4,Developing,158.52724,67,69,0
69.3,Developing,1353.934819,67,7,0
69.1,Developing,1362.61731,67,7,0
69,Developing,1469.849149,67,71,0
61.8,Developing,1313.889646,9,9,0.576
61.1,Developing,1738.8822,78,86,0.57
63,Developing,185.793359,74,79,0.565
59.2,Developing,1734.93612,7,78,0.554
58.2,Developing,1644.619672,83,81,0.543
58,Developing,1463.213573,8,83,0.533
57.4,Developing,1139.11233,93,94,0.518
55.7,Developing,1369.68249,9,87,0.504
52.6,Developing,114.587985,77,8,0.492
58,Developing,13.154199,83,81,0.479
49.3,Developing,691.3178164,84,82,0.467
47.9,Developing,53.2772217,84,83,0.456
46.4,Developing,429.1583434,85,83,0.443
45.5,Developing,377.135244,85,84,0.433
44.6,Developing,378.2736238,86,85,0.424
43.8,Developing,341.955625,85,85,0.418
67,Developing,118.69383,88,87,0.507
59.2,Developing,127.47462,92,91,0.498
58,Developing,111.227396,95,95,0.488
56.6,Developing,955.648466,95,95,0.464
54.9,Developing,839.927936,93,93,0.452
52.4,Developing,713.63562,89,89,0.436
50,Developing,65.824121,69,73,0.419
48.2,Developing,325.678573,75,75,0.421
46.6,Developing,396.9982166,73,73,0.414
45.4,Developing,414.796232,71,7,0.408
44.6,Developing,444.76575,69,68,0.406
44.3,Developing,454.366654,67,65,0.407
44.5,Developing,453.3511552,7,68,0.418
44.8,Developing,57.34834,73,71,0.427
45.3,Developing,548.587312,76,75,0.427
46,Developing,547.3588785,78,78,0.434
